,시군구별(1),보험료분위별(1),2013,2013.1,2013.2,2013.3,2013.4,2013.5,2013.6,2013.7,2013.8,2013.9,2013.10,2013.11,2013.12,2013.13,2013.14,2014,2014.1,2014.2,2014.3,2014.4,2014.5,2014.6,2014.7,2014.8,2014.9,2014.10,2014.11,2014.12,2014.13,2014.14,2015,2015.1,2015.2,2015.3,2015.4,2015.5,2015.6,2015.7,2015.8,2015.9,2015.10,2015.11,2015.12,2015.13,2015.14,2016,2016.1,2016.2,2016.3,2016.4,2016.5,2016.6,2016.7,2016.8,2016.9,2016.10,2016.11,2016.12,2016.13,2016.14,2017,2017.1,2017.2,2017.3,2017.4,2017.5,2017.6,2017.7,2017.8,2017.9,2017.10,2017.11,2017.12,2017.13,2017.14,2018,2018.1,2018.2,2018.3,2018.4,2018.5,2018.6,2018.7,2018.8,2018.9,2018.10,2018.11,2018.12,2018.13,2018.14,2019,2019.1,2019.2,2019.3,2019.4,2019.5,2019.6,2019.7,2019.8,2019.9,2019.10,2019.11,2019.12,2019.13,2019.14
0,시군구별(1),보험료분위별(1),계,계,계,직장,직장,직장,직장,직장,직장,직장,직장,직장,지역,지역,지역,계,계,계,직장,직장,직장,직장,직장,직장,직장,직장,직장,지역,지역,지역,계,계,계,직장,직장,직장,직장,직장,직장,직장,직장,직장,지역,지역,지역,계,계,계,직장,직장,직장,직장,직장,직장,직장,직장,직장,지역,지역,지역,계,계,계,직장,직장,직장,직장,직장,직장,직장,직장,직장,지역,지역,지역,계,계,계,직장,직장,직장,직장,직장,직장,직장,직장,직장,지역,지역,지역,계,계,계,직장,직장,직장,직장,직장,직장,직장,직장,직장,지역,지역,지역
1,시군구별(1),보험료분위별(1),소계,소계,소계,소계,소계,소계,근로자,근로자,근로자,공교,공교,공교,소계,소계,소계,소계,소계,소계,소계,소계,소계,근로자,근로자,근로자,공교,공교,공교,소계,소계,소계,소계,소계,소계,소계,소계,소계,근로자,근로자,근로자,공교,공교,공교,소계,소계,소계,소계,소계,소계,소계,소계,소계,근로자,근로자,근로자,공교,공교,공교,소계,소계,소계,소계,소계,소계,소계,소계,소계,근로자,근로자,근로자,공교,공교,공교,소계,소계,소계,소계,소계,소계,소계,소계,소계,근로자,근로자,근로자,공교,공교,공교,소계,소계,소계,소계,소계,소계,소계,소계,소계,근로자,근로자,근로자,공교,공교,공교,소계,소계,소계
2,시군구별(1),보험료분위별(1),세대수 (세대),평균보험료 (원),적용인구 (명),가입자 (명),평균보험료 (원),적용인구 (명),가입자 (명),평균보험료 (원),적용인구 (명),가입자 (명),평균보험료 (원),적용인구 (명),세대수 (세대),평균보험료 (원),적용인구 (명),세대수 (세대),평균보험료 (원),적용인구 (명),가입자 (명),평균보험료 (원),적용인구 (명),가입자 (명),평균보험료 (원),적용인구 (명),가입자 (명),평균보험료 (원),적용인구 (명),세대수 (세대),평균보험료 (원),적용인구 (명),세대수 (세대),평균보험료 (원),적용인구 (명),가입자 (명),평균보험료 (원),적용인구 (명),가입자 (명),평균보험료 (원),적용인구 (명),가입자 (명),평균보험료 (원),적용인구 (명),세대수 (세대),평균보험료 (원),적용인구 (명),세대수 (세대),평균보험료 (원),적용인구 (명),가입자 (명),평균보험료 (원),적용인구 (명),가입자 (명),평균보험료 (원),적용인구 (명),가입자 (명),평균보험료 (원),적용인구 (명),세대수 (세대),평균보험료 (원),적용인구 (명),세대수 (세대),평균보험료 (원),적용인구 (명),가입자 (명),평균보험료 (원),적용인구 (명),가입자 (명),평균보험료 (원),적용인구 (명),가입자 (명),평균보험료 (원),적용인구 (명),세대수 (세대),평균보험료 (원),적용인구 (명),세대수 (세대),평균보험료 (원),적용인구 (명),가입자 (명),평균보험료 (원),적용인구 (명),가입자 (명),평균보험료 (원),적용인구 (명),가입자 (명),평균보험료 (원),적용인구 (명),세대수 (세대),평균보험료 (원),적용인구 (명),세대수 (세대),평균보험료 (원),적용인구 (명),가입자 (명),평균보험료 (원),적용인구 (명),가입자 (명),평균보험료 (원),적용인구 (명),가입자 (명),평균보험료 (원),적용인구 (명),세대수 (세대),평균보험료 (원),적용인구 (명)
3,광주,계,588246,79882,1357778,384823,82390,965256,340452,76912,835202,44371,124419,130054,203423,75136,392522,602837,84576,1374047,399883,88282,987284,356184,82656,858889,43699,134132,128395,202954,77275,386763,611500,87480,1361222,413238,90035,991248,369555,84226,865120,43683,139182,126128,198262,82153,369974,625562,91728,1364329,426890,94077,999039,382927,88289,874370,43963,144496,124669,198672,86679,365290,638672,95166,1364651,439090,97995,1004435,395245,92136,882277,43845,150806,122158,199582,88943,360216,662140,481285,1363707,454138,521981,999601,409149,491363,880521,44989,774836,119080,208002,398654,364106,686733,102562,1369265,472494,109878,1004512,426445,104259,886302,46049,161916,118210,214239,86427,364753
4,광주,1분위,62886,18098,107772,41771,24564,84898,41501,24560,84422,270,25177,476,21115,5307,22874,62207,18111,104010,41454,24785,81475,41298,24777,81223,156,27015,252,20753,4779,22535,62350,19244,100713,41899,26090,78414,41752,26083,78171,147,28137,243,20451,5217,22299,62733,19888,98927,41627,27203,75775,41490,27198,75567,137,28546,208,21106,5461,23152,63482,20717,98868,43057,27986,76392,42917,27977,76164,140,30705,228,20425,5392,22476,66467,111815,102498,45462,151094,77656,45308,151032,77418,154,167096,238,21005,31544,24842,64784,24730,97280,44593,32549,72754,44403,32527,72440,190,37566,314,20191,7462,24526
5,광주,2분위,75689,26033,130082,50289,32590,100332,49533,32599,99204,756,32000,1128,25400,13052,29750,83235,26400,140313,52578,34432,104965,52183,34426,104334,395,35227,631,30657,12623,35348,82908,28408,138474,53899,36611,105016,53586,36607,104538,313,37434,478,29009,13167,33458,83358,30392,137172,55451,38884,104736,54955,38875,103971,496,39861,765,27907,13518,32436,85157,31363,137134,55798,40836,103426,55229,40829,102560,569,41602,866,29359,13359,33708,74588,182594,123196,54739,232373,97749,53930,232346,96591,809,234118,1158,19849,58919,25447,81033,39317,127528,54156,52322,93205,53438,52311,92216,718,53123,989,26877,13112,34323
6,광주,3분위,61421,32820,107653,40651,39390,79739,39713,39399,78192,938,39024,1547,20770,19960,27914,59258,35984,108014,43394,41734,85304,42591,41738,84028,803,41520,1276,15864,20256,22710,60555,38231,106557,45963,43607,85819,45146,43615,84545,817,43167,1274,14592,21298,20738,63564,39997,109030,47913,45795,87064,47265,45795,86043,648,45792,1021,15651,22249,21966,66833,41374,112529,49967,47931,89130,49276,47933,88063,691,47771,1067,16866,21948,23399,85515,186972,136738,53841,263387,93546,53111,263387,92482,730,263343,1064,31674,65640,43192,87393,44586,137172,59695,58681,100804,58675,58671,99401,1020,59255,1403,27698,14207,36368
7,광주,4분위,55131,42684,107919,38679,47446,78799,37540,47434,76867,1139,47849,1932,16452,31489,29120,55473,44553,105025,39018,50011,77458,38057,49999,75866,961,50497,1592,16455,31611,27567,57228,46550,104265,40299,52067,77023,39111,52047,75149,1188,52727,1874,16929,33417,27242,57998,49071,103137,41258,54520,76626,40274,54499,75069,984,55377,1557,16740,35641,26511,58497,51534,103302,42684,57120,77258,41830,57118,75974,854,57198,1284,15813,36456,26044,60671,250963,102988,45244,303112,79537,44286,303037,78053,958,306282,1484,15427,105786,23451,66259,55993,109156,49157,66259,83369,48009,66252,81720,1148,66546,1649,17102,26484,25787
8,광주,5분위,58321,53565,117012,37039,57304,79218,35250,57329,75945,1789,56804,3273,21282,47057,37794,59754,55943,118924,39152,60359,81519,37684,60344,78926,1468,60762,2593,20602,47552,37405,59844,58459,116578,39927,62260,80701,38487,62256,78219,1440,62390,2482,19917,50839,35877,62458,61408,119964,42437,64755,83931,40871,64722,81280,1566,65609,2651,20021,54315,36033,62608,63869,116743,42161,67308,80845,40718,67296,78445,1443,67629,2400,20447,56779,35898,63937,299517,115106,42661,357633,78661,40809,357535,75811,1852,359538,2850,21276,190038,36445,66579,67552,116506,45080,77467,80416,43201,77459,77627,1879,77651,2789,21499,46760,36090
9,광주,6분위,57551,68915,129853,35918,69510,83350,32731,69477,77265,3187,69845,6085,21633,67929,46503,59519,71992,132501,38249,73338,87602,35124,73268,81586,3125,74120,6016,21270,69570,44899,58943,74863,127076,38875,75523,87023,35985,75444,81630,2890,76515,5393,20068,73583,40053,59665,78319,124449,40140,78399,86958,37123,78357,81580,3017,78913,5378,19525,78154,37491,60591,81054,123987,41648,80936,87955,38834,80874,83029,2814,81795,4926,18943,81314,36032,64528,389086,126472,43250,425023,87711,40448,424723,83003,2802,429100,4708,21278,319567,38761,67352,85976,128961,45289,91520,88520,42292,91496,83746,2997,91862,4774,22063,74594,40441
10,광주,7분위,55812,88268,140896,34642,85893,91212,28988,85873,78336,5654,85997,12876,21170,92153,49684,56879,91986,141659,36053,90606,94288,30556,90468,81564,5497,91374,12724,20826,94376,47371,58812,95459,141371,38062,93292,95645,32877,93184,84281,5185,93976,11364,20750,99435,45726,59116,99492,139475,39051,96699,96246,33937,96643,85232,5114,97072,11014,20065,104926,43229,60557,102580,138661,40479,99371,96687,35554,99282,86603,4925,100017,10084,20078,109050,41974,61787,500771,135961,41845,517152,95384,36623,516239,85376,5222,522664,10008,19942,467265,40577,60775,108097,128107,42738,110419,95516,37384,110290,85326,5354,111323,10190,18037,102596,32591
11,광주,8분위,56556,114390,161296,34595,108881,104534,25615,108631,78423,8980,109596,26111,21961,123068,56762,57805,119345,162945,35941,115159,107455,26575,114687,80204,9366,116500,27251,21864,126225,55490,58395,123503,159302,36834,118209,106759,27940,117794,81393,8894,119513,25366,21561,132546,52543,59666,128451,159321,38211,122367,108283,29174,122007,82789,9037,123531,25494,21455,139288,51038,60333,132362,156550,38711,125743,106794,30007,125285,83060,8704,127320,23734,21622,144212,49756,61754,649583,151639,40676,652859,106958,32081,650770,84862,8595,660188,22096,21078,643396,44681,65085,137073,154456,43191,138423,109659,34347,138013,87483,8844,140018,22176,21894,134410,44797
12,광주,9분위,54621,151341,176710,35622,145122,125298,21891,144478,75991,13731,146149,49307,18999,163001,51412,56796,157848,179903,37076,152887,127454,22922,152046,77447,14154,154250,50007,19720,167175,52449,58992,162877,182208,38961,156924,130483,24649,156281,81524,14312,158033,48959,20031,174455,51725,61001,168838,183857,40249,162083,131376,26194,161258,84279,14055,163622,47097,20752,181939,52481,61999,173910,182556,41457,167289,131996,27137,166551,85046,14320,168688,46950,20542,187272,50560,63606,877878,180576,43305,864891,134157,28757,859139,88058,14548,875125,46099,20301,904810,46419,66924,184460,184005,45429,182176,136564,30683,181043,90949,14746,184535,45615,21495,189286,47441
13,광주,10분위,50258,253891,178585,35617,254745,137876,27690,269994,110557,7927,201478,27319,14641,251815,40709,51911,276128,180753,36968,282945,139764,29194,301293,113711,7774,214042,26053,14943,259265,40989,53473,273299,184678,38519,275091,144365,30022,291554,115670,8497,216922,28695,14954,268685,40313,56003,283176,188997,40553,285012,148044,31644,302325,118560,8909,223517,29484,15450,278357,40953,58615,292152,194321,43128,293960,153952,33743,311762,123333,9385,229955,30619,15487,287120,40369,59287,1572585,188533,43115,1565358,148242,33796,1682109,118867,9319,1193608,29375,16172,1586150,40291,60549,328894,186094,43166,330368,143705,34013,351731,115394,9153,250985,28311,17383,325233,42389
14,전북,계,718795,71202,1602248,427478,76430,1051185,377629,70665,903627,49849,120103,147558,291317,63529,551063,743104,75889,1654169,452656,82658,1108615,393305,75007,929232,59351,133364,179383,290448,65340,545554,753517,78801,1640461,469284,84846,1116453,409602,76948,939558,59682,139051,176895,284233,68819,524008,767647,82275,1641646,483705,88561,1124069,423609,80722,950160,60096,143816,173909,283942,71567,517577,779343,84998,1637569,493292,91898,1125144,432934,83832,954184,60358,149755,170960,286051,73099,512425,802839,1119665,1626943,509697,1348333,1116363,448388,1203826,950955,61309,2258805,165408,293142,813778,510580,825549,90978,1621241,528213,102965,1117487,464998,95178,954061,63215,160243,163426,297336,69683,503754
15,전북,1분위,107150,15183,170838,56321,24184,115146,55873,24174,114330,448,25374,816,50829,5211,55692,106430,15248,167164,55649,24483,111111,55381,24474,110645,268,26228,466,50781,5129,56053,105721,16227,161673,57030,25552,108019,56676,25535,107444,354,28207,575,48691,5306,53654,105139,16781,157785,56687,26521,104383,56348,26501,103838,339,29798,545,48452,5387,53402,107842,17169,159423,57869,27332,104459,57540,27319,103928,329,29519,531,49973,5400,54964,109877,250344,165192,60151,443057,105912,59809,442580,105370,342,490144,542,49726,82519,59280,112366,20202,163825,60333,31763,100960,60073,31757,100532,260,33202,428,52033,6796,62865
16,전북,2분위,87113,25161,149098,53781,32615,107225,52400,32627,104942,1381,32141,2283,33332,13134,41873,89883,26547,154300,57195,34416,113674,56424,34414,112394,771,34549,1280,32688,12778,40626,93215,28453,157064,60512,36612,116816,59739,36611,115630,773,36690,1186,32703,13357,40248,96341,30312,160813,63445,38854,119633,62569,38849,118259,876,39173,1374,32896,13837,41180,97319,31334,160816,63355,40813,118181,62356,40812,116683,999,40898,1498,33964,13652,42635,99798,465808,164753,64170,694479,115826,62967,694284,114038,1203,705145,1788,35628,162872,48927,103205,37987,164701,66047,52443,115264,64890,52433,113549,1157,53013,1715,37158,12292,49437
17,전북,3분위,75555,32655,134680,48464,39435,94529,46609,39428,91010,1855,39614,3519,27091,20526,40151,76748,34570,137200,50928,41818,98916,49975,41815,97200,953,42008,1716,25820,20273,38284,75629,36612,131905,51481,43719,96395,50352,43725,94476,1129,43480,1919,24148,21461,35510,78836,38441,134561,53755,45855,98424,52802,45854,96847,953,45891,1577,25081,22552,36137,82489,40089,138718,57179,47981,102543,56005,47981,100710,1174,47968,1833,25310,22259,36175,91353,677738,149585,61942,790911,108673,60685,790694,106842,1257,801316,1831,29411,201675,40912,96008,44445,155176,64764,58688,111594,63304,58674,109555,1460,59294,2039,31244,14921,43582
18,전북,4분위,72837,41251,141124,44618,47374,90369,42811,47367,86910,1807,47544,3459,28219,31569,50755,74694,42741,141300,45635,49940,90461,44260,49936,87919,1375,50096,2542,29059,31435,50839,77617,44908,142260,48121,51963,92138,46801,51956,89862,1320,52225,2276,29496,33398,50122,77637,47158,139684,47468,54464,88561,46032,54440,86224,1436,55207,2337,30169,35663,51123,77696,49205,138760,48455,57008,88923,47403,56997,87243,1052,57476,1680,29241,36276,49837,78549,656464,135813,50874,907695,90750,49511,907420,88636,1363,914226,2114,27675,312097,45063,82906,53329,140375,56107,66271,96991,54152,66255,94067,1955,66698,2924,26799,26236,43384
19,전북,5분위,73586,52598,151965,40665,57178,86257,38723,57191,82667,1942,56911,3590,32921,46940,65708,74830,54691,153918,42245,60296,88557,40128,60291,84574,2117,60392,3983,32585,47423,65361,75631,57317,152421,43266,62200,87543,41060,62182,83505,2206,62552,4038,32365,50789,64878,78911,60490,156362,46434,64670,91481,44046,64629,87371,2388,65412,4110,32477,54514,64881,77975,62679,151040,44638,67237,86238,42225,67186,82245,2413,68124,3993,33337,56577,64802,81499,833282,151758,46696,1070523,86809,43984,1069951,82563,2712,1081119,4246,34803,579968,64949,83557,64154,152314,48070,77409,86782,44784,77385,81825,3286,77732,4957,35487,46198,65532
20,전북,6분위,71785,68810,166530,40197,69652,93478,36504,69631,86049,3693,69858,7429,31588,67738,73052,72837,71688,166974,41503,73433,95576,37469,73375,87644,4034,73971,7932,31334,69376,71398,73064,74725,161377,43352,75632,96143,39502,75549,88989,3850,76481,7154,29712,73401,65234,72724,78336,157138,43938,78590,94915,39925,78541,87605,4013,79080,7310,28786,77949,62223,73759,81154,155882,45108,81149,95133,41141,81114,88048,3967,81512,7085,28651,81162,60749,77581,1122767,155003,46445,1276335,93235,42125,1275262,85899,4320,1284884,7336,31136,952048,61768,78632,84745,152895,47723,91542,92446,42707,91495,84240,5016,91942,8206,30909,74249,60449
21,전북,7분위,65386,88256,166441,37762,85589,99306,32125,85526,85786,5637,85949,13520,27624,91901,67135,68896,91959,173675,41116,90517,107501,34387,90371,91068,6729,91263,16433,27780,94093,66174,70272,95474,173061,42308,93200,107919,36180,93015,93518,6128,94294,14401,27964,98914,65142,72352,99561,173810,44385,96546,109867,38451,96427,96577,5934,97316,13290,27967,104345,63943,72519,102836,168601,44854,99336,107041,38846,99210,94254,6008,100146,12787,27665,108512,61560,70127,1485142,155154,45385,1550804,103252,39525,1548587,91712,5860,1563441,11540,24742,1392627,51902,68157,107827,142466,46785,110267,103002,40485,110192,91138,6300,110746,11864,21372,102487,39464
22,전북,8분위,58608,114244,165006,34484,108376,104227,25863,108079,77946,8621,109267,26281,24124,122632,60779,62435,119271,176873,38226,115150,116691,27199,114566,82549,11027,116588,34142,24209,125778,60182,62970,123355,173644,39379,118162,116806,28785,117652,84988,10594,119545,31818,23591,132023,56838,64285,128183,173890,41049,122258,118725,30252,121718,86962,10797,123769,31763,23236,138652,55165,66087,131812,175372,43027,125453,121652,32558,124850,91770,10469,127329,29882,23060,143676,53720,66966,1941407,167435,43954,1956338,118063,33648,1943420,90491,10306,1988004,27572,23012,1914138,49372,70166,136863,168266,46111,138264,118194,35920,137651,91751,10191,140424,26443,24055,134179,50072
23,전북,9분위,58766,151824,192599,38875,146040,140220,22778,145223,81780,16097,147195,58440,19891,163130,52379,66402,157681,215730,46047,153517,162664,23483,152404,82953,22564,154676,79711,20355,167100,53066,66962,162850,212257,46965,157894,161694,24835,156716,85148,22130,159216,76546,19997,174490,50563,67406,169008,210114,47667,163619,160829,26026,162313,87062,21641,165190,73767,19739,182022,49285,68025,173990,208756,48278,168465,160315,27007,166946,89174,21271,170393,71141,19747,187499,48441,70884,2646240,207627,49522,2631970,158638,28390,2580391,89877,21132,2670679,68761,21362,2679814,48989,73646,185510,209932,51428,184319,160496,30471,182395,93761,20957,187116,66735,22218,188270,49436
24,전북,10분위,48009,243507,163967,32311,240158,120428,23943,256956,92207,8368,192096,28221,15698,250399,43539,49949,259714,167035,34112,260577,123464,24599,281806,92286,9513,205682,31178,15837,257856,43571,52436,258966,174799,36870,255261,132980,25672,275366,95998,11198,209168,36982,15566,267742,41819,54016,267994,177489,38877,263908,137251,27158,285251,99415,11719,214448,37836,15139,278485,40238,55632,275633,180201,40529,271679,140659,27853,293906,100129,12676,222840,40530,15103,286244,39542,56205,4276119,174623,40558,4101266,135205,27744,4627156,95527,12814,3386994,39678,15647,4797495,39418,56906,309094,171291,40845,303220,131758,28212,329963,93643,12633,243497,38115,16061,324034,39533
25,전남,계,723602,69406,1627342,393155,81925,1000964,350215,77333,865152,42940,119377,135812,330447,54510,626378,750771,73367,1677060,421327,87054,1058421,362655,80668,879927,58672,126529,178494,329444,55861,618639,765211,76752,1676675,442448,89597,1080165,383159,82802,904404,59289,133510,175761,322763,59145,596510,778342,80305,1677547,456160,93223,1088589,396513,86416,915744,59647,138476,172845,322182,62014,588958,793039,83199,1674134,467409,96680,1087506,406558,89762,916446,60851,142897,171060,325630,63850,586628,822140,1600268,1670481,492085,2046046,1092759,429800,1827353,927195,62285,3179127,165564,330055,1073127,577722,854715,89601,1670149,517046,108135,1097572,454435,101815,937206,62611,154008,160366,337669,61222,572577
26,전남,1분위,114301,13178,171846,47864,23970,98320,47394,23945,97460,470,26519,860,66437,5403,73526,118230,13325,175021,49461,24335,98595,48821,24328,97432,640,24864,1163,68769,5407,76426,114969,14187,167019,49407,25696,94367,49096,25680,93861,311,28221,506,65562,5514,72652,115498,14864,165910,51206,26540,94609,50770,26499,93931,436,31240,678,64292,5565,71301,119454,15249,169524,52792,27470,95719,52549,27452,95353,243,31433,366,66662,5570,73805,123954,329511,179558,56200,646754,96100,55853,645810,95566,347,721390,534,67754,120488,83458,130204,17720,183070,57460,31658,92668,57147,31616,92167,313,39322,501,72744,6711,90402
27,전남,2분위,83924,23758,141828,45495,32680,90390,44512,32683,88596,983,32527,1794,38429,13196,51438,81619,25738,140465,48351,34589,95637,47311,34582,93839,1040,34904,1798,33268,12873,44828,85329,27320,144050,51088,36607,98487,50287,36609,97138,801,36468,1349,34241,13464,45563,88697,28891,148308,53168,38855,100930,52364,38850,99634,804,39243,1296,35529,13981,47378,90268,30019,148748,54416,40764,100814,53547,40763,99541,869,40834,1273,35852,13709,47934,105277,623705,170631,57593,1019978,102544,56398,1019941,100836,1195,1026847,1708,47684,234511,68087,104344,34942,162965,59891,52164,102230,58757,52184,100600,1134,51166,1630,44453,11740,60735
28,전남,3분위,76457,30910,136663,41712,39399,82449,40240,39400,79668,1472,39371,2781,34745,20718,54214,80483,32446,142347,45603,41842,89834,43977,41842,86713,1626,41849,3121,34880,20162,52513,81041,34464,140171,47340,43746,89880,45971,43743,87425,1369,43845,2455,33701,21426,50291,83149,36440,141654,49407,45911,91811,48206,45897,89784,1201,46462,2027,33742,22572,49843,85748,38088,144428,52607,48006,95701,51340,47993,93638,1267,48517,2063,33141,22346,48727,78290,1041753,130006,55985,1159730,98661,54417,1159385,96242,1568,1165047,2419,22305,299336,31345,88788,43987,143460,58537,58686,99453,57426,58674,97844,1111,59262,1609,30251,15546,44007
29,전남,4분위,75414,39601,147378,38709,47213,79141,37264,47211,76220,1445,47276,2921,36705,31573,68237,79080,40994,151661,41150,49945,82532,38902,49945,77854,2248,49943,4678,37930,31283,69129,80578,43446,150202,43461,52035,83822,40990,52011,79163,2471,52429,4659,37117,33390,66380,80485,45561,147995,42329,54489,80069,40255,54452,76208,2074,55207,3861,38156,35656,67926,82653,47464,149891,44689,57034,82441,42880,57033,79333,1809,57056,3108,37964,36200,67450,85238,913644,148582,48337,1334399,86359,46167,1333494,82844,2170,1350200,3515,36901,454768,62223,84531,50823,143868,52016,66291,89211,49483,66277,85415,2533,66562,3796,32515,26076,54657
30,전남,5분위,75984,51689,162228,36293,57061,76963,34521,57054,73534,1772,57203,3429,39691,46777,85265,78319,53751,167132,38793,60317,82241,36658,60309,77721,2135,60456,4520,39526,47306,84891,80725,56575,168477,41109,62149,83922,38637,62146,79204,2472,62183,4718,39616,50791,84555,83412,59873,172005,43665,64701,87545,40734,64642,82116,2931,65518,5429,39747,54569,84460,82493,62006,165939,42194,67271,82839,38667,67255,76362,3527,67440,6477,40299,56494,83100,86206,1185046,164641,43971,1570601,82356,40398,1569368,76225,3573,1578392,6131,42235,850482,82285,90885,62381,167394,47288,77469,84042,43499,77455,78078,3789,77629,5964,43597,46016,83352
31,전남,6분위,72157,68494,172542,36434,69534,84633,33182,69474,77741,3252,70151,6892,35723,67433,87909,75154,71404,178036,39228,73503,90929,35032,73409,81568,4196,74287,9361,35926,69111,87107,74836,74608,170176,41295,75709,91869,37268,75599,84087,4027,76723,7782,33541,73254,78307,74538,78303,165785,42422,78624,92210,38043,78565,83927,4379,79135,8283,32116,77878,73575,75417,81064,164513,42996,81120,91017,38421,81061,82447,4575,81614,8570,32421,80990,73496,80118,1632423,163427,45088,1870556,90755,40388,1867868,82445,4700,1883569,8310,35030,1392219,72672,82970,84179,163241,48122,91586,92412,42404,91535,82552,5718,91965,9860,34848,73951,70829
32,전남,7분위,64311,88307,168710,35532,85627,95826,30876,85575,82988,4656,85969,12838,28779,91616,72884,67580,92051,174820,38549,90649,102535,31413,90480,83751,7136,91393,18784,29031,93912,72285,69449,95531,174463,40237,93296,103602,33638,93102,87352,6599,94284,16250,29212,98609,70861,70369,99664,172774,41099,96603,102953,34808,96481,87922,6291,97280,15031,29270,103963,69821,71208,102932,169610,42235,99327,102208,35637,99170,87510,6598,100177,14698,28973,108186,67402,69417,2169863,155466,44000,2271194,100747,36947,2264314,86493,7053,2294319,14254,25417,2036891,54719,69925,107611,143792,46155,110298,100301,39011,110206,86267,7144,110799,14034,23770,102394,43491
33,전남,8분위,56896,113745,165237,35108,108507,109042,27517,108112,83602,7591,109938,25440,21788,122186,56195,60738,118828,175833,38885,115233,120198,27722,114595,84119,11163,116815,36079,21853,125227,55635,63055,122859,177733,41480,118380,124191,30871,117991,91207,10609,119512,32984,21575,131469,53542,63468,127544,175677,42633,122379,125240,31983,122187,92953,10650,122957,32287,20835,138113,50437,63481,131428,171811,42433,125705,121843,31718,125361,90384,10715,126724,31459,21048,142967,49968,65783,2848939,167108,44950,2874583,121649,34451,2863207,92757,10499,2898333,28892,20833,2801418,45459,69741,136995,169381,47738,138527,122836,37091,138196,94173,10647,139677,28663,22003,133673,46545
34,전남,9분위,54416,149985,180422,38693,144806,138805,23623,144322,81737,15070,145564,57068,15723,162730,41617,58914,156663,192627,43162,152922,151543,22978,152154,79606,20184,153796,71937,15752,166915,41084,61425,161213,196519,45832,156763,156782,25336,155897,84809,20496,157833,71973,15593,174292,39737,63871,166744,200218,48052,161833,160440,27806,160620,90513,20246,163499,69927,15819,181663,39778,65240,172069,200003,48825,166927,159569,28712,165699,91399,20113,168679,68170,16415,187365,40434,70979,3865179,208397,52729,3845489,166042,32553,3789935,99867,20176,3890976,66175,18250,3927954,42355,73525,184605,207122,54520,183407,164555,34900,181898,101703,19620,186092,62852,19005,188041,42567
35,전남,10분위,49742,245064,180488,37315,242395,145395,31086,252447,123606,6229,192231,21789,12427,253078,35093,50654,262730,179118,38145,263205,144377,29841,279816,117324,8304,203513,27053,12509,261282,34741,53804,260974,187865,41199,258244,153243,31065,274876,120158,10134,207259,33085,12605,269898,34622,54855,272338,187221,42179,270286,152782,31544,289324,118756,10635,213821,34026,12676,279166,34439,57077,282652,189667,44222,281324,155355,33087,301502,120479,11135,221364,34876,12855,287221,34312,56878,6420723,182665,43232,6117218,147546,32228,6836628,113920,11004,5053295,33626,13646,7337124,35119,59802,319767,185856,45319,315767,149864,34717,337651,118407,10602,244105,31457,14483,332283,35992
36,제주,계,237635,69590,526057,133241,71003,323478,121101,66743,285544,12140,113500,37934,104394,67788,202579,258306,75544,569286,151199,79456,363996,130266,72032,300178,20933,125657,63818,107107,70021,205290,271578,78844,583265,162471,80929,377098,140863,73100,312880,21608,131965,64218,109107,75738,206167,289352,84165,605349,177814,85084,397765,155882,77746,333972,21932,137239,63793,111538,82701,207584,307449,89008,623946,192271,89182,414264,170032,82216,351192,22239,142438,63072,115178,88717,209682,324729,177552,635953,204283,184681,423028,181741,172292,361960,22542,289190,61068,120446,165980,212925,340856,95415,645324,215130,99280,428883,191705,92780,367970,23425,152473,60913,125726,88802,216441
37,제주,1분위,32164,16140,54580,18517,23986,39380,18322,23970,39064,195,25509,316,13647,5494,15200,35059,16023,57052,19425,24683,39622,19227,24683,39328,198,24691,294,15634,5264,17430,35442,17102,56299,20045,26012,39106,20009,26009,39048,36,27869,58,15397,5503,17193,37392,18272,58147,21846,27292,40696,21810,27290,40644,36,28727,52,15546,5595,17451,39265,18657,59854,23033,27858,41644,22930,27853,41506,103,29073,138,16232,5600,18210,39465,39204,60841,23952,60364,41554,23859,60326,41403,93,68898,151,15513,11452,19287,42669,22203,63509,25545,32323,41763,25496,32310,41687,49,39348,76,17124,7107,21746
38,제주,2분위,31066,24348,51748,17865,32691,35266,17653,32692,34920,212,32581,346,13201,13057,16482,32900,24983,54192,18499,34626,36491,18356,34616,36265,143,35878,226,14401,12597,17701,33926,26706,54437,19470,36739,36810,19413,36737,36717,57,37663,93,14456,13193,17627,34383,28735,55144,20546,38933,37906,20436,38930,37760,110,39449,146,13837,13593,17238,35621,29740,55626,21309,40747,37994,21030,40744,37637,279,41002,357,14312,13352,17632,39796,61796,62515,23341,91957,39930,22987,92004,39478,354,89223,452,16455,22064,22585,42286,35746,65320,25036,51911,41803,24761,51897,41436,275,53213,367,17250,12284,23517
39,제주,3분위,29287,32319,52786,18158,39508,36256,17762,39509,35581,396,39448,675,11129,20591,16530,28539,34858,52113,19251,41773,37640,19036,41773,37247,215,41741,393,9288,20524,14473,30040,37164,52607,20962,43780,38734,20712,43778,38362,250,43932,372,9078,21888,13873,32914,39235,55840,23346,45917,41515,23080,45907,41118,266,46767,397,9568,22934,14325,35233,41052,57595,25329,48121,43096,25088,48118,42738,241,48384,358,9904,22972,14499,39400,80277,62238,26052,105904,43265,25707,105894,42764,345,106706,501,13348,26278,18973,41265,44520,63699,27892,58844,44761,27079,58815,43705,813,59793,1056,13373,14646,18938
40,제주,4분위,27640,41248,55245,16876,47453,35470,16189,47439,34030,687,47790,1440,10764,31518,19775,29431,43044,57036,18571,49837,37647,17796,49805,36062,775,50576,1585,10860,31428,19389,31011,45341,57708,19925,52001,38581,19169,51942,37238,756,53481,1343,11086,33372,19127,32321,48024,58217,21286,54520,39526,20551,54483,38366,735,55569,1160,11035,35494,18691,33419,50606,58945,23022,57136,41114,22545,57120,40371,477,57895,743,10397,36146,17831,33426,100219,56182,24744,121204,42097,24083,121159,41153,661,122947,944,8682,41571,14085,35031,57156,57477,27064,66285,44699,26222,66283,43475,842,66367,1224,7967,26143,12778
41,제주,5분위,25921,52459,55495,14290,57017,31870,13545,57044,30225,745,56525,1645,11631,46859,23625,27689,54795,59471,16118,60143,35610,14747,60127,32719,1371,60314,2891,11571,47344,23861,29786,57624,62064,18079,62163,37895,16436,62099,34793,1643,62801,3102,11707,50615,24169,31321,60910,62261,19816,64669,39551,18467,64604,37026,1349,65555,2525,11505,54435,22710,32070,63569,60941,20939,67256,39779,19836,67201,37815,1103,68253,1964,11131,56633,21162,31921,121703,57627,22200,142357,40370,21234,142263,38781,966,144463,1589,9721,76738,17257,32699,67521,57645,22220,77287,39146,21083,77250,37391,1137,77966,1755,10479,46815,18499
42,제주,6분위,23062,68676,55727,11901,69425,29315,10939,69407,27208,962,69635,2107,11161,67877,26412,24925,71625,58907,13698,73298,32739,11881,73237,28895,1817,73700,3844,11227,69585,26168,25769,74727,58557,14704,75528,33903,12923,75469,30223,1781,75956,3680,11065,73663,24654,27414,78258,59979,16537,78205,36812,14625,78141,32918,1912,78694,3894,10877,78338,23167,29573,81227,61797,18760,80990,39923,16722,80910,35930,2038,81647,3993,10813,81636,21874,31960,153891,63391,20005,169969,40505,17961,169761,36644,2044,171767,3861,11955,128915,22886,33936,85118,65536,21066,91438,40871,18866,91381,36864,2200,91925,4007,12870,74773,24665
43,제주,7분위,19587,88819,50766,9463,85615,25758,8101,85565,22172,1362,85911,3586,10124,91814,25008,21680,92144,55040,11513,90480,30550,9074,90264,24331,2439,91284,6219,10167,94027,24490,23469,95700,57665,12666,92937,32136,10214,92800,26429,2452,93506,5707,10803,98939,25529,25823,99755,61182,14656,96108,35723,11997,96027,29790,2659,96472,5933,11167,104542,25459,28328,103026,64433,16798,99007,39359,13777,98846,32736,3021,99738,6623,11530,108882,25074,30215,198246,66158,18636,206308,42257,15476,205827,35555,3160,208710,6702,11579,186382,23901,30876,107366,62451,18915,110256,41643,15776,110133,35107,3139,110876,6536,11961,102795,20808
44,제주,8분위,17190,115626,48490,8651,108916,27148,6414,108519,19646,2237,110055,7502,8539,122424,21342,20410,119603,57015,11606,115191,35393,7209,114432,21361,4397,116437,14032,8804,125419,21622,21370,124283,57946,12067,118365,35935,7859,117634,22935,4208,119730,13000,9303,131960,22011,22815,129516,60066,12931,122468,37099,8754,121728,24562,4177,124018,12537,9884,138736,22967,24453,133317,61934,14059,125591,38605,9969,124842,26789,4090,127416,11816,10394,143767,23329,26698,258821,64019,15296,260664,40054,11245,259476,28839,4051,264074,11215,11402,256659,23965,28510,136082,66017,16410,137833,41194,12345,137122,30372,4065,139992,10822,12100,133708,24823
45,제주,9분위,17144,153237,54662,9911,145465,35550,6050,145756,20668,3861,145010,14882,7233,163887,19112,20219,158492,63811,12635,153069,44249,6003,152217,19845,6632,153841,24404,7584,167527,19562,21773,163767,67144,13782,157345,47100,6934,156993,22374,6848,157702,24726,7991,174843,20044,23346,169701,69785,14444,161940,48017,7508,160735,23378,6936,163243,24639,8902,182293,21768,25082,175074,72212,15166,166779,48652,8275,165618,24636,6891,168173,24016,9916,187761,23560,26975,352471,73354,16208,346430,49875,9311,343838,26865,6897,349880,23010,10767,360335,23479,28187,184631,74455,17047,182390,50676,9967,181271,27505,7080,183965,23171,11140,188061,23779
46,제주,10분위,14574,266021,46558,7609,273228,27465,6126,292789,22030,1483,192424,5435,6965,258148,19093,17454,282016,54649,9883,291199,34055,6937,328270,24125,2946,203906,9930,7571,270029,20594,18992,277373,58838,10771,273850,36898,7194,306394,24761,3577,208396,12137,8221,281990,21940,21623,291024,64728,12406,289736,40920,8654,322265,28410,3752,214707,12510,9217,292759,23808,24405,304254,70609,13856,304351,44098,9860,337335,31034,3996,222965,13064,10549,304126,26511,24873,674527,69628,13849,655314,43121,9878,726013,30478,3971,462198,12643,11024,695805,26507,25397,343704,69215,13935,337093,42327,10110,371634,30428,3825,245797,11899,11462,351741,26888
