,행정구역,2016 급여총계 인원 (명),2016 급여총계 금액 (백만원),2016 과세대상근로소득(총급여) 인원 (명),2016 과세대상근로소득(총급여) 금액 (백만원),2017 급여총계 인원 (명),2017 급여총계 금액 (백만원),2017 과세대상근로소득(총급여) 인원 (명),2017 과세대상근로소득(총급여) 금액 (백만원),2018 급여총계 인원 (명),2018 급여총계 금액 (백만원),2018 과세대상근로소득(총급여) 인원 (명),2018 과세대상근로소득(총급여) 금액 (백만원),2019 급여총계 인원 (명),2019 급여총계 금액 (백만원),2019 과세대상근로소득(총급여) 인원 (명),2019 과세대상근로소득(총급여) 금액 (백만원)
0,전국소계,17740098,600099695,17668285,595990661,18005534,637616487,17925345,633611675,18577885,681611264,18501089,677488617,19167273,721686447,19074871,717531015
1,서울소계,3629625,138096837,3621150,137226200,3645417,146379773,3636049,145511903,3743474,155269460,3734108,154395729,3845841,164800618,3836212,163916825
2,서울강남구,206668,13057288,206346,12989836,201206,14142558,200894,14078169,206821,14403588,206523,14339618,209653,14926829,209360,14863887
3,서울강동구,161837,5614760,161558,5577333,160371,5824940,160084,5788728,165248,6291291,164967,6254566,183833,7447177,183504,7407086
4,서울강북구,102249,2647871,102053,2632574,102117,2764297,101879,2749477,103391,2913526,103160,2897863,105025,3075447,104773,3058999
5,서울강서구,233511,7710165,232996,7628623,236070,8221014,235487,8133889,242516,8809099,241919,8719706,245495,9178851,244918,9087948
6,서울관악구,202189,5779387,201656,5745259,205325,6098873,204654,6065462,212016,6521099,211360,6487537,217483,6865539,216841,6830972
7,서울광진구,137927,4657189,137552,4631001,139502,4949835,139100,4923083,142631,5250413,142225,5223826,145629,5495292,145146,5469408
8,서울구로구,163520,5055671,163144,5027109,162000,5264673,161581,5236393,166803,5614023,166375,5584744,171843,5972692,171435,5943790
9,서울금천구,91194,2411167,90925,2397028,91260,2531695,90998,2517894,95166,2766103,94939,2750939,98934,2973640,98708,2958726
10,서울노원구,189827,6503565,189359,6462286,188364,6697695,187809,6657118,189212,6942109,188666,6900803,191248,7206570,190624,7165622
11,서울도봉구,116832,3419968,116562,3398850,116510,3530209,116233,3509818,118281,3683487,118008,3662835,118771,3797517,118459,3776964
12,서울동대문구,116466,3539255,116108,3517492,117744,3783211,117278,3761164,120859,4069348,120420,4046113,125149,4357428,124535,4333325
13,서울동작구,152859,5623027,152208,5586855,154339,5915612,153530,5879398,160341,6371673,159483,6334088,163292,6661784,162746,6627712
14,서울마포구,145901,5945288,145471,5906142,148218,6336265,147786,6296498,152162,6814638,151737,6775997,156129,7296518,155708,7256814
15,서울서대문구,111807,4027703,111454,3998679,112716,4227723,112336,4198678,115417,4555667,115025,4527785,121106,4982198,120695,4951826
16,서울서초구,167621,10594212,167281,10537994,165674,11359238,165289,11302263,167636,11569227,167303,11515210,168901,12021965,168577,11969079
17,서울성동구,112421,4470137,112246,4440760,116243,4929924,116056,4901455,116973,5203765,116783,5176267,117651,5431210,117425,5403559
18,서울성북구,145308,5185898,144985,5151143,144303,5413273,143992,5379933,151736,5835993,151398,5800967,155845,6132023,155413,6096249
19,서울송파구,259057,11619948,258616,11548756,263839,12335849,263450,12265302,276658,13537820,276246,13465942,280758,14203992,280281,14132599
20,서울양천구,170566,6984964,170163,6937326,170083,7279487,169639,7231996,172285,7650219,171825,7602673,175717,8042926,175324,7994256
21,서울영등포구,153074,5837597,152777,5800786,156209,6241782,155880,6204667,161550,6726793,161219,6690935,170948,7398345,170673,7361189
22,서울용산구,85050,4552119,84895,4529872,86315,4942793,86131,4920956,89183,5248094,89004,5226355,92859,5822661,92706,5800844
23,서울은평구,170998,5155948,170587,5120914,172919,5452739,172499,5418547,177719,5878306,177256,5844440,183936,6343267,183408,6306182
24,서울종로구,50444,2248257,50296,2234441,50504,2353076,50344,2338359,51396,2447854,51243,2432965,52689,2566206,52543,2551645
25,서울중구,42757,1756529,42682,1746785,43810,1894195,43720,1883631,45693,2050997,45603,2040026,47280,2184474,47160,2173922
26,서울중랑구,139542,3698926,139230,3678356,139776,3888819,139400,3869027,141781,4114330,141421,4093528,145667,4416068,145250,4394220
27,인천소계,1063619,31804325,1059761,31576501,1084494,33953035,1079952,33734409,1123686,36741356,1119116,36509753,1145602,38615008,1141512,38385344
28,인천강화군,16617,465083,16496,461539,16947,501111,16686,497778,17769,542466,17584,538991,18457,580350,18228,576903
29,인천계양구,118341,3177103,117864,3155754,115930,3235988,115428,3217046,115964,3375369,115471,3355163,116028,3465097,115518,3444659
30,인천미추홀구,144365,3738032,143705,3713003,145574,3938522,144741,3915098,148166,4170480,147167,4145262,149099,4321603,148371,4297516
31,인천남동구,198052,5808628,197366,5769046,201133,6153649,200345,6116199,204461,6497706,203668,6459181,206416,6728459,205796,6691258
32,인천동구,23672,638751,23622,634890,22908,639655,22857,636420,22570,658775,22514,655247,22310,667824,22251,664408
33,인천부평구,193564,5574627,192958,5538274,190694,5686158,190072,5653343,192143,5934673,191554,5900007,189424,6012506,188839,5978749
34,인천서구,192051,5822861,191436,5777262,205137,6533479,204429,6487286,215812,7182505,215118,7133932,220757,7561718,220075,7513088
35,인천연수구,126513,4999229,126094,4960740,133014,5540970,132523,5501794,146133,6328133,145641,6285775,157315,6987847,156898,6944424
36,인천옹진군,6857,233663,6775,231291,6720,241102,6608,238912,6670,247587,6581,245521,6719,253660,6618,252040
37,인천중구,43587,1346348,43445,1334702,46437,1482402,46263,1470534,53998,1803664,53818,1790674,59077,2035945,58918,2022298
38,경기소계,4748235,161196111,4731362,160255989,4903937,174931092,4884250,173994637,5134847,190301943,5116832,189301312,5358357,203302793,5338294,202281374
39,경기가평군,16238,470590,16125,468061,16876,501141,16755,498979,17531,541009,17413,538582,18537,585249,18403,582770
40,경기고양시,367263,13070191,366259,12974288,374452,13845144,373243,13747805,395682,15076188,394386,14974032,412968,16057004,411674,15952594
41,경기과천시,20845,1068165,20765,1061511,21272,1138903,21137,1131964,22175,1222864,22090,1216033,24757,1426949,24638,1419235
42,경기광명시,122242,4012753,121719,3989674,122829,4230916,122265,4208258,122905,4425886,122485,4403923,120421,4544906,119938,4523196
43,경기광주시,129079,3549316,128823,3530559,139496,4073756,138842,4053752,147657,4507524,147116,4483658,155348,4901478,154704,4877284
44,경기구리시,66227,2058061,65978,2046806,69862,2285324,69613,2273560,70754,2394160,70498,2383488,72780,2547881,72567,2536566
45,경기군포시,110738,3831803,110316,3810903,110466,3962253,110056,3942720,112605,4133620,112149,4112638,115454,4302875,115068,4281940
46,경기김포시,147731,4664810,146844,4621679,162343,5410797,161399,5364457,174572,6041122,173760,5990552,191698,6882406,190841,6827048
47,경기남양주시,209875,6143416,209273,6107400,220273,6807236,219536,6770298,235910,7612175,235230,7571623,248027,8253413,247227,8212193
48,경기동두천시,30938,753826,30852,748185,31416,804852,31310,800016,31749,850953,31595,845323,32209,896988,32035,891626
49,경기부천시,313823,9125937,312782,9065738,317454,9680039,316214,9621747,321404,10188085,320237,10127255,325798,10659954,324619,10601549
50,경기성남시,370967,15753539,370185,15664383,369392,16629729,368502,16541932,375782,17507154,374999,17418515,386583,18538439,385745,18448794
51,경기수원시,467882,17506569,466397,17427388,474241,18623591,472602,18544153,485357,19884010,483881,19800361,496446,20619713,494957,20537329
52,경기시흥시,169279,4666247,168191,4639514,184930,5483020,183809,5455943,201725,6212916,200579,6180276,217213,6973752,215965,6939565
53,경기안산시,265036,7502998,264023,7461456,260155,7752638,259050,7716098,265834,8218480,264826,8179444,272667,8730999,271719,8691711
54,경기안성시,68267,1943613,67936,1932462,69552,2079882,69311,2069924,71877,2240982,71627,2230201,75088,2403732,74551,2392536
55,경기안양시,225305,8024541,224456,7978367,224858,8354813,224076,8310010,227127,8785462,226432,8739004,225747,8979071,225103,8933463
56,경기양주시,72927,1859838,72644,1847743,75420,2023709,74998,2012094,80798,2269416,80487,2256037,86200,2524391,85886,2509595
57,경기양평군,28880,934928,28745,929782,29678,1006632,29515,1001585,31069,1088785,30998,1083324,32497,1165650,32329,1159961
58,경기여주시,34505,948834,34258,944080,35202,1010290,34910,1005678,36361,1092877,36027,1087436,37666,1173776,37318,1168496
59,경기연천군,13010,368749,12939,366281,12952,386623,12866,384376,13127,406413,13066,404043,13959,433135,13626,430090
60,경기오산시,83651,2608863,83366,2596168,87693,2893828,87328,2880396,93031,3169262,92688,3154682,98384,3407873,98039,3393367
61,경기용인시,365198,15173098,363721,15080230,380135,16539462,378478,16446578,402982,18031827,401439,17934503,422411,19243442,420491,19145308
62,경기의왕시,58959,2133084,58748,2120702,58695,2216488,58521,2204934,63107,2485552,62936,2473277,67117,2742592,66915,2728426
63,경기의정부시,142889,3823591,142462,3802057,148147,4157464,147634,4135971,156515,4578220,156082,4554810,164586,4981198,164038,4955699
64,경기이천시,78681,2762050,78442,2747380,81272,2879176,81045,2864975,85396,3335778,85191,3320138,90337,3696189,90064,3681619
65,경기파주시,159980,5063093,159558,5035335,169230,5586039,168677,5557633,175196,6033820,174611,6002584,181781,6263100,181026,6226763
66,경기평택시,178867,5808863,178075,5774764,186182,6356196,185301,6323962,198102,7020414,197363,6985459,211984,7667941,211275,7632884
67,경기포천시,56660,1341513,56192,1330969,57172,1438393,56438,1428228,58189,1542114,57584,1530308,59835,1660586,59251,1648956
68,경기하남시,82942,2864584,82814,2846178,91721,3348151,91559,3327979,104862,3955036,104683,3932121,117413,4527216,117128,4504521
69,경기화성시,289351,11358646,288474,11305947,320571,13424608,319260,13368629,355466,15449838,354374,15387681,382446,16510895,381154,16446290
70,강원소계,462579,14119844,461079,14012111,469971,14981942,468065,14876865,486840,16065127,484568,15957490,504341,17144070,500939,17032439
71,강원강릉시,63517,1890042,63255,1878289,63999,1986223,63814,1974576,67392,2162889,67034,2150149,69500,2295783,69138,2283387
72,강원고성군,7598,204020,7575,202865,7810,224500,7793,223310,7838,232345,7814,231189,7632,238074,7608,237063
73,강원동해시,27265,890536,27223,879785,27245,925233,27195,914631,28035,987052,27976,976439,28990,1050923,28839,1040199
74,강원삼척시,18837,600455,18790,593725,19358,638838,19311,632413,19678,669945,19633,663458,19514,688283,19416,681878
75,강원속초시,23984,672799,23937,668259,24361,716837,24299,712658,25661,782751,25600,778213,26893,849218,26824,844523
76,강원양구군,7164,227233,7133,225921,7066,235992,7041,234893,7193,246770,7167,245519,6976,248689,6953,247463
77,강원양양군,6621,185855,6539,184659,6970,200665,6822,199519,7261,222268,7202,220764,7591,241292,7474,239758
78,강원영월군,10151,313216,10129,311245,10315,332504,10288,330465,10443,347151,10407,344854,10545,366953,10517,363565
79,강원원주시,112244,3472557,112092,3445778,114751,3725573,114394,3700290,120663,4048966,120103,4025552,126864,4380867,126321,4357555
80,강원인제군,9788,317515,9712,315373,9950,332212,9839,330001,10042,348723,9961,346396,10535,371500,10436,369506
81,강원정선군,10566,309971,10537,306081,10551,325107,10531,321230,10837,339299,10813,334998,10894,360452,10875,355050
82,강원철원군,13394,399952,13321,397843,13270,418227,13192,416057,13281,434203,13220,432081,13298,450611,13236,448175
83,강원춘천시,89168,2789301,88894,2773482,91628,2997277,91393,2981166,94946,3225268,94650,3207977,99263,3468477,98492,3449535
84,강원태백시,14301,485482,14283,475037,14190,487246,14131,477136,14187,502432,14146,492679,14158,514446,14125,505102
85,강원평창군,10392,286989,10365,285818,10356,296735,10287,295602,10991,322335,10850,320935,11146,336183,10855,334652
86,강원홍천군,17758,506072,17726,503420,18077,537900,17950,535071,18262,567410,18105,564122,19527,616392,19131,612430
87,강원화천군,8635,270089,8458,268633,8315,272125,8084,270973,8068,275497,7905,274031,8608,294009,8422,292514
88,강원횡성군,11196,297761,11110,295897,11759,328745,11701,326875,12062,349823,11982,348133,12407,371919,12277,370083
89,대전소계,510344,17239731,508431,17116295,513492,18001852,511401,17876619,527312,18965215,524796,18833973,543143,19967252,540311,19831575
90,대전대덕구,63619,1799223,63358,1788417,63060,1856372,62786,1846672,63656,1924661,63338,1914299,64126,2008626,63723,1998174
91,대전동구,70027,1844297,69783,1832866,70391,1938560,70046,1927792,73368,2098661,73000,2086325,73886,2187221,73428,2174947
92,대전서구,168537,5601023,167941,5564113,170449,5876253,169785,5839477,175343,6211535,174567,6172480,181012,6544804,180258,6505297
93,대전유성구,130367,5706405,129857,5656542,131984,5953730,131478,5899565,136053,6231575,135336,6176336,143730,6603505,142885,6544625
94,대전중구,77794,2288782,77492,2274356,77608,2376938,77306,2363113,78892,2498782,78555,2484533,80389,2623096,80017,2608531
95,충북소계,541801,16992137,538867,16887404,554127,18153871,550919,18055333,576365,19767930,573187,19660048,598668,21245307,594424,21135532
96,충북괴산군,9376,255165,9078,253439,9566,271894,9207,270312,9802,291662,9619,289984,10145,302544,9797,300533
97,충북단양군,7637,219082,7597,218053,7881,235306,7828,234292,7938,241878,7769,240755,8151,253589,7978,252337
98,충북보은군,8082,216295,8035,215050,7889,229385,7814,228322,8371,243539,8295,242335,8766,256171,8696,255107
99,충북영동군,12372,343485,12237,341412,12267,353206,12227,351381,12299,367873,12256,365702,12352,382836,12012,380372
100,충북옥천군,14000,370936,13955,368573,14176,394699,14127,392499,14352,421590,14233,419200,14796,447095,14475,444398
101,충북음성군,39281,1049535,39134,1040936,39804,1122035,39636,1114660,40809,1207414,40661,1199318,41551,1277337,41319,1269831
102,충북제천시,39636,1156405,39494,1149992,39824,1228746,39680,1222751,41359,1313201,41195,1306880,42278,1398072,41888,1390749
103,충북증평군,13432,394905,13287,391572,13522,415890,13382,412840,13746,445152,13688,441795,14332,470351,14199,466422
104,충북진천군,30791,858738,30305,851718,33260,991590,32771,984845,36095,1141878,35622,1134503,38125,1248511,37664,1240756
105,충북청주시,301955,10214780,300732,10157190,308558,10836096,307178,10781117,321706,11848642,320462,11787788,335500,12794089,334199,12733063
106,충북충주시,65239,1912810,65013,1899470,67380,2075025,67069,2062315,69888,2245101,69387,2231789,72672,2414711,72197,2401962
107,충남소계,693654,23088284,688838,22958927,708845,24891625,703858,24770191,732837,26478590,727653,26349648,755799,27671440,749241,27544099
108,충남계룡시,14644,614952,14613,607160,14671,642704,14633,635486,14739,666697,14699,659482,15329,693988,15256,688507
109,충남공주시,30353,876200,30119,871224,30857,945336,30609,940478,31715,988342,31552,983598,32319,1032997,32016,1027820
110,충남금산군,12232,335994,12141,334166,12279,348679,12201,346848,12679,371358,12583,369426,12988,393318,12888,391433
111,충남논산시,32241,870551,32109,863528,32557,917603,32411,910928,33360,990029,33183,982400,34018,1034538,33589,1027604
112,충남당진시,56891,1990227,56494,1981507,57959,2048715,57499,2040209,59565,2258880,59167,2250470,61268,2306354,60564,2297658
113,충남보령시,28583,852415,28341,845343,28942,890902,28746,884814,29342,949815,28994,943577,31056,1011389,30506,1004894
114,충남부여군,15843,422577,15706,420189,15891,440734,15784,438540,16195,457363,15728,454555,16198,475413,15828,472561
115,충남서산시,54155,2079224,53766,2067436,56097,2223965,55679,2213212,58470,2392346,58036,2381450,60931,2499509,60369,2489720
116,충남서천군,12428,362458,12376,360310,12221,369742,12173,367969,12063,385553,12019,383766,12387,402271,12178,400167
117,충남아산시,119789,4321241,119216,4301224,120935,4649850,120337,4631458,125439,4878239,125028,4859195,128723,5012543,128146,4992938
118,충남예산군,21388,576670,20859,572256,22024,618693,21283,614552,22559,667882,22012,663922,23117,703036,22576,699529
119,충남천안시,244323,8288006,242892,8246262,253009,9207333,251660,9167589,263292,9761768,261851,9716972,272761,10302347,271579,10256880
120,충남청양군,7176,202238,7151,201495,7427,214388,7399,213647,7803,229246,7768,228531,7610,235160,7455,234210
121,충남태안군,14470,425301,14133,421853,14497,454345,14358,451136,14921,482294,14657,479172,15511,509431,15050,506578
122,충남홍성군,29138,870231,28922,864975,29479,918636,29086,913325,30695,998778,30376,993130,31583,1059146,31241,1053601
123,세종소계,103638,4066823,103400,4029144,119289,4941608,119008,4900196,133042,5710701,132736,5664460,143648,6352334,143285,6303869
124,광주소계,480131,15335688,477330,15232105,486820,16194312,484241,16095322,503692,17311829,501046,17209276,522020,18431140,519376,18328158
125,광주광산구,142716,4548955,141841,4516283,145338,4783200,144628,4753683,151005,5116642,150238,5085640,157345,5474694,156381,5443628
126,광주남구,67147,2229297,66780,2213651,67375,2340539,66987,2325824,70293,2541730,69915,2526294,72046,2673078,71686,2657386
127,광주동구,28546,883860,28357,877398,28388,949175,28217,943494,31305,1105388,31123,1099237,34291,1247189,34098,1240239
128,광주북구,140116,4229486,139349,4201119,143316,4507653,142583,4479215,146324,4739791,145591,4711130,150778,5024059,150145,4995362
129,광주서구,101606,3444090,101003,3423654,102403,3613745,101826,3593106,104765,3808279,104179,3786975,107560,4012119,107066,3991543
130,전북소계,532182,16156015,528074,16053285,534823,16970546,530481,16874242,549001,18034234,544661,17935499,566545,19057443,561822,18958583
131,전북고창군,11604,323424,11542,321487,11706,341531,11655,339670,11858,360399,11794,358463,12082,380465,12010,378354
132,전북군산시,83629,2690361,82913,2673341,82620,2769001,81816,2752624,84818,2879155,84166,2862566,86597,2967283,86011,2951252
133,전북김제시,21611,540959,21239,537055,21602,572392,21126,568761,21969,612900,21595,609174,22560,641577,22254,637659
134,전북남원시,19602,527336,19273,523631,19794,553638,19397,550279,20255,589628,19832,586503,21446,639372,20875,635900
135,전북무주군,5696,149872,5660,149071,5621,157997,5580,157253,5919,170376,5775,169597,6091,181302,6026,180322
136,전북부안군,12194,317514,11907,315150,12145,331069,11849,328758,12362,347160,12094,344926,12395,360769,12116,358681
137,전북순창군,6711,182211,6454,181144,6791,194811,6610,193816,6719,202051,6499,201028,6748,211619,6576,210561
138,전북완주군,27559,847436,27346,842638,27309,870082,27025,865880,27341,894597,27099,890325,28222,943379,27880,939242
139,전북익산시,90373,2587249,89479,2565818,89928,2691925,88968,2672555,90502,2812644,89528,2792499,91489,2926014,90300,2906233
140,전북임실군,6549,187954,6514,186848,6549,196526,6506,195493,6563,203868,6529,202810,6740,208994,6697,207834
141,전북장수군,4923,136254,4878,135480,4910,145043,4887,144480,5112,155426,5064,154763,5277,158414,5215,157814
142,전북전주시,207708,6749441,207150,6712023,211757,7182213,211100,7146256,220409,7766352,219817,7729611,230833,8334167,230229,8297451
143,전북정읍시,28242,754933,27986,749245,28258,792796,28180,787565,29187,857921,28956,852295,29918,914549,29696,908709
144,전북진안군,5781,161071,5733,160353,5833,171522,5782,170852,5987,181757,5913,180939,6147,189541,5937,188571
145,전남소계,501376,16096778,497522,15962527,506719,16787250,502844,16659879,521706,18037921,517953,17911367,543939,19190602,538188,19068531
146,전남강진군,7826,223177,7798,221633,7808,232384,7781,231075,7893,241832,7863,240736,8103,254427,8071,253228
147,전남고흥군,11511,310466,11445,307881,11690,324897,11626,322388,12032,348562,11864,346112,12329,363292,12077,360788
148,전남곡성군,6881,209627,6799,208632,6815,219181,6775,218154,6804,223693,6714,222546,6933,227809,6817,226656
149,전남광양시,48684,1826949,48444,1812436,49570,1918051,49297,1904455,51007,2092384,50803,2078994,53016,2200508,52773,2188822
150,전남구례군,6344,175013,6129,173896,6448,179726,6281,178661,6365,187339,6168,186255,6416,191378,6166,190333
151,전남나주시,32194,985544,31801,974279,34837,1092298,34182,1083213,36792,1194323,36240,1184685,38318,1284259,37654,1274656
152,전남담양군,12205,355215,12024,351769,12168,370327,12089,367184,12424,393894,12380,390618,13252,419001,12796,415455
153,전남목포시,67586,1940025,67446,1923748,66981,1944221,66808,1927677,67835,2050392,67587,2033854,69030,2171770,68778,2155579
154,전남무안군,21896,719928,21752,714430,22043,736182,21910,731181,22880,791392,22803,786077,25722,928691,25561,922868
155,전남보성군,8509,232911,8393,231507,8363,240988,8240,239628,8295,248494,8179,247200,8562,258333,8352,256888
156,전남순천시,83134,2840272,82555,2818795,85436,3035101,84846,3014359,89200,3313513,88484,3293010,93636,3560435,93041,3539796
157,전남신안군,7469,220842,7325,218854,7353,225273,7228,223611,7505,236305,7355,234567,7408,241732,7376,240212
158,전남여수시,81817,3074018,81514,3045526,82338,3207348,82074,3180100,84992,3439754,84718,3413510,89624,3618948,89243,3596133
159,전남영광군,12671,401645,12531,399029,12807,423868,12612,421222,13229,454928,13102,452355,13895,479495,13523,476738
160,전남영암군,17522,490289,17337,487574,16539,452004,16259,449565,17323,489315,17270,486512,18152,533203,18044,530040
161,전남완도군,9258,254758,9212,251277,9404,270842,9365,266837,9694,289848,9649,286051,10012,311826,9969,308429
162,전남장성군,12403,362492,12332,359582,12566,385941,12436,383175,13231,422447,13128,419362,13286,435066,13015,431838
163,전남장흥군,8301,236853,8273,235196,8362,244257,8331,242652,8516,262166,8476,260505,8525,272704,8498,271175
164,전남진도군,5498,158319,5482,157453,5477,163706,5456,162878,5660,174338,5633,173612,5920,184498,5904,183824
165,전남함평군,7327,209011,7293,207485,7447,218743,7409,217345,7500,229750,7465,228317,7691,238361,7585,236798
166,전남해남군,14388,383000,13957,379892,14303,393238,14168,390333,14528,422327,14319,419767,15337,451975,14648,449556
167,전남화순군,17952,486422,17680,481653,17964,508674,17671,504185,18001,530925,17753,526721,18772,562893,18297,558721
168,대구소계,777881,24095277,775023,23935285,789442,25555685,786061,25401537,803828,27137320,800424,26975604,819145,28450839,815306,28289589
169,대구남구,41849,1046161,41685,1039092,41656,1091249,41472,1084656,42346,1160349,42150,1152972,43371,1224202,43151,1216357
170,대구달서구,193070,6040477,192280,6001111,194034,6322009,193125,6285065,197451,6672552,196498,6633259,199681,6910886,198681,6872376
171,대구달성군,85326,2512182,85091,2494706,90005,2774925,89770,2758544,94088,3040483,93769,3022495,96979,3221430,96448,3203203
172,대구동구,106449,3040216,106058,3016922,110188,3297807,109749,3274329,111706,3494510,111306,3470367,113389,3668489,112930,3644834
173,대구북구,139339,3984844,138870,3958959,142367,4239629,141625,4214645,146202,4534710,145505,4508142,150514,4818444,149739,4791480
174,대구서구,57329,1301973,57093,1289895,55408,1319297,55127,1309036,53612,1345671,53372,1335233,52784,1371093,52542,1361282
175,대구수성구,132269,5498130,131775,5468021,132091,5752044,131582,5720793,134353,6071552,133832,6040306,137431,6366481,136911,6334978
176,대구중구,22250,671294,22171,666580,23693,758724,23611,754470,24070,817494,23992,812830,24996,869814,24904,865078
177,경북소계,792858,25485279,786306,25301821,800382,26649223,791986,26478824,817595,28305329,810313,28130729,829463,29217923,818975,29049958
178,경북경산시,84368,2343456,83563,2322858,86189,2489071,85279,2470250,88689,2658291,87834,2638056,90529,2806769,89370,2787448
179,경북경주시,83308,2714460,82526,2696248,83533,2816372,82680,2798246,84575,2935496,83918,2917820,85577,3042110,84563,3025166
180,경북고령군,9347,240270,9313,238102,9306,254083,9270,252308,9357,263234,9327,261531,9085,266341,9058,264650
181,경북구미시,153040,5298589,152453,5266537,154895,5605706,154304,5576613,157258,5920545,156762,5889558,157096,5975838,156252,5944318
182,경북군위군,5383,153885,5242,152669,5379,161773,5208,160456,5400,168922,5247,167661,5605,177992,5411,176792
183,경북김천시,41839,1360616,41581,1349287,41786,1401345,41555,1391329,43021,1493437,42791,1485271,43594,1538390,43189,1530851
184,경북문경시,17265,500559,17083,497438,17486,513569,17276,510285,18209,552710,17962,549371,19031,579522,18737,576047
185,경북봉화군,6155,172890,5978,171415,6357,187261,6207,186044,6583,201006,6424,199676,6507,205071,6424,203660
186,경북상주시,21596,618290,21406,614361,22525,658714,22081,655132,23294,708943,22954,705262,23749,735757,23071,732167
187,경북성주군,10828,274600,10593,272297,11126,287905,10920,285864,11115,302126,10782,299782,11254,313327,10534,310838
188,경북안동시,43506,1355633,43254,1349513,43343,1391644,42945,1385777,44634,1484798,44315,1478146,46148,1558516,45661,1551593
189,경북영덕군,7499,192620,7399,190267,7556,203775,7385,201622,7615,213126,7393,211437,7549,217828,7235,216066
190,경북영양군,3017,89397,2993,88885,3127,95485,3103,94967,3203,100579,3089,100054,3376,107190,3170,106666
191,경북영주시,26652,819345,26346,814081,26798,850439,26067,845066,27168,898266,26751,893240,27741,945607,27288,940145
192,경북영천시,27854,760063,27656,753728,28169,804704,27938,799246,29700,883426,29480,877563,30066,928587,29817,923191
193,경북예천군,9924,311215,9687,309096,12041,402981,11625,400433,13185,469283,12956,466568,14275,509590,13832,507222
194,경북울릉군,2861,100077,2858,99024,2907,104730,2902,103750,2951,110390,2947,109426,2892,109980,2885,109093
195,경북울진군,12913,443066,12792,439388,12787,456063,12625,452427,13027,482109,12832,478224,13335,505865,12996,501887
196,경북의성군,10407,261041,9870,258783,10404,272097,9587,270066,10690,294943,10072,292988,10966,307554,10328,305736
197,경북청도군,9754,262942,9520,260520,9833,275220,9503,272781,9822,294672,9650,292460,10044,307358,9842,305176
198,경북청송군,5085,136190,4913,135399,5073,141134,4920,140266,5288,153279,5076,152418,5570,160378,5381,159600
199,경북칠곡군,43151,1324995,43000,1315632,42323,1333320,41948,1325006,42056,1363895,41594,1354209,41089,1336101,40550,1326958
200,경북포항시,157106,5751080,156280,5706294,157439,5941833,156658,5900888,160755,6351852,160157,6310008,164385,6582253,163381,6544690
201,부산소계,1144244,35975255,1141432,35533772,1137677,37397970,1134370,36979164,1148577,39118658,1145863,38705941,1174336,40995231,1169382,40580086
202,부산강서구,45651,1579117,45451,1564660,47354,1683042,47131,1668125,50206,1856306,50050,1840077,54772,2083924,54497,2067269
203,부산금정구,78078,2594538,77794,2569123,78579,2720852,78260,2696390,78573,2805497,78318,2781769,77707,2828261,77220,2804427
204,부산기장군,50804,1601990,50708,1579169,51865,1701808,51741,1680051,52871,1792038,52773,1771055,57961,2005187,57811,1983037
205,부산남구,86014,2812800,85790,2777021,88591,3131224,88321,3095999,88937,3256217,88770,3221938,88621,3331402,88265,3297656
206,부산동구,26053,656434,25968,644984,26122,686110,26019,674956,27142,750815,27067,738545,29570,846909,29426,834470
207,부산동래구,88318,2948188,88100,2916479,87743,3064044,87507,3034423,90782,3297752,90576,3268342,93747,3505108,93363,3474530
208,부산부산진구,121234,3553360,121015,3515072,118350,3624256,118056,3588609,119209,3781685,118984,3746539,123188,3980138,122525,3943876
209,부산북구,104063,3154359,103810,3124688,101508,3209206,101251,3181093,100624,3294529,100325,3267127,101825,3393528,101427,3366160
210,부산사상구,82280,2154402,82134,2132631,80000,2173515,79761,2152144,78780,2231488,78616,2210183,78534,2278984,78191,2257492
211,부산사하구,118432,3377297,118187,3331647,116566,3431638,116252,3390020,116039,3490183,115756,3449347,115200,3541757,114760,3502198
212,부산서구,32686,933653,32604,914451,33298,1003905,33202,985357,33159,1043016,33054,1024814,33847,1097302,33705,1079637
213,부산수영구,58200,1831790,58072,1807777,57496,1881045,57337,1859076,58834,1996145,58737,1974870,61121,2137472,60927,2115007
214,부산연제구,67486,2211671,67329,2188056,67477,2296728,67305,2274555,70464,2487806,70310,2466016,72631,2638105,72371,2615947
215,부산영도구,37859,1013811,37762,979878,36409,1015442,36290,983940,35686,1032005,35560,1001681,35413,1044153,35235,1015583
216,부산중구,13391,307516,13311,298552,13053,313108,12967,304587,12942,320784,12859,312276,13493,342779,13401,333935
217,부산해운대구,133695,5244328,133397,5189584,133266,5462047,132970,5409839,134329,5682393,134108,5631363,136706,5940223,136258,5888863
218,울산소계,430928,17759294,430171,17648807,418808,17762818,417870,17655992,420925,18200848,420105,18103307,427549,18696556,426417,18601340
219,울산남구,120584,5183803,120331,5154405,117719,5262216,117403,5235067,117617,5388712,117347,5362694,120003,5540033,119668,5514686
220,울산동구,72288,2907241,72212,2883468,64886,2616021,64798,2589711,61329,2471426,61243,2452522,60668,2468514,60527,2449912
221,울산북구,76290,3414807,76175,3397717,78624,3551377,78456,3534271,84174,3847711,84023,3830489,87723,4078250,87527,4060893
222,울산울주군,78354,2881121,78219,2860730,77963,3020026,77804,3001069,80031,3183874,79899,3164706,82086,3271785,81870,3253378
223,울산중구,83412,3372323,83234,3352487,79616,3313178,79409,3295874,77774,3309125,77593,3292896,77069,3337974,76825,3322470
224,경남소계,1118053,36735542,1114258,36467935,1112933,37613347,1108625,37356316,1128350,39215017,1124204,38948684,1155835,41161201,1150215,40889573
225,경남거제시,103945,4178112,103795,4163902,94956,3614797,94678,3600726,90365,3316198,90097,3300757,92590,3523240,92220,3507377
226,경남거창군,14480,424864,14431,422429,14529,444539,14465,442252,15265,479758,15125,477116,15525,506286,15346,503768
227,경남고성군,13749,368228,13656,364838,12965,359647,12919,356663,12584,365241,12553,362434,13147,386735,12970,383880
228,경남김해시,194862,6015627,194476,5968880,195275,6304129,194879,6261438,202203,6777670,201785,6732677,208421,7131400,207794,7085715
229,경남남해군,8994,248099,8850,244558,8996,258647,8963,255257,9109,272192,9080,269266,9333,283061,9299,279642
230,경남밀양시,28962,785258,28529,779268,29119,823901,28623,817901,29210,871736,28797,865744,30131,928402,29652,922418
231,경남사천시,34835,1098570,34632,1089774,34927,1143659,34656,1135235,35411,1223037,35233,1213980,36453,1317790,36261,1309393
232,경남산청군,7434,213093,7413,211582,7728,226962,7694,225304,7848,236586,7640,234937,7961,244865,7805,243153
233,경남양산시,119260,3585156,118819,3550718,122769,3873060,122308,3839768,125591,4093420,125220,4060268,129518,4336766,128692,4303629
234,경남의령군,6372,181636,6347,180502,6477,191009,6449,189875,6612,204490,6589,203368,6874,214082,6829,212879
235,경남진주시,106070,3554711,105678,3532125,107513,3726858,107057,3705433,111499,4061100,111094,4039134,116342,4317240,115892,4292197
236,경남창녕군,17338,473352,17292,469759,17100,492858,17015,489542,17583,515675,17362,511997,17640,541708,17491,538407
237,경남창원시,374425,13161389,373842,13061034,375231,13680887,374418,13582728,380619,14256910,379850,14154185,386520,14785688,385449,14682369
238,경남통영시,37407,1040989,37337,1031909,35650,1005498,35556,996740,34427,1001776,34310,993233,35192,1061085,34989,1051438
239,경남하동군,9581,271630,9539,269920,9529,281558,9490,279749,9731,302204,9694,300362,9750,307109,9635,305172
240,경남함안군,22416,636230,21991,631110,22078,660556,21727,655792,21965,680748,21503,675672,21884,696932,21520,692188
241,경남함양군,8608,236146,8427,234814,8904,254163,8684,252736,9153,272742,9124,271378,9343,288482,9307,286992
242,경남합천군,9315,262452,9204,260814,9187,270618,9044,269179,9175,283536,9148,282176,9211,290330,9064,288954
243,제주소계,197972,5705113,197102,5674147,207528,6282535,206746,6252334,217451,6820187,216873,6790174,225998,7297193,225382,7266684
244,제주제주시,150621,4389021,150155,4366483,157011,4803882,156638,4781549,164636,5213420,164312,5191500,171469,5584793,171144,5562873
245,제주서귀포시,47351,1316092,46947,1307664,50517,1478653,50108,1470785,52815,1606768,52561,1598675,54529,1712400,54238,1703811
246,기타소계,10978,151361,8179,118407,10830,168003,8619,137911,8357,129599,6651,105622,7044,89495,5590,67458
