"시군구별(1)","보험료분위별(1)",2013,2013,2013,2013,2013,2013,2013,2013,2013,2013,2013,2013,2013,2013,2013,2014,2014,2014,2014,2014,2014,2014,2014,2014,2014,2014,2014,2014,2014,2014,2015,2015,2015,2015,2015,2015,2015,2015,2015,2015,2015,2015,2015,2015,2015,2016,2016,2016,2016,2016,2016,2016,2016,2016,2016,2016,2016,2016,2016,2016,2017,2017,2017,2017,2017,2017,2017,2017,2017,2017,2017,2017,2017,2017,2017,2018,2018,2018,2018,2018,2018,2018,2018,2018,2018,2018,2018,2018,2018,2018,2019,2019,2019,2019,2019,2019,2019,2019,2019,2019,2019,2019,2019,2019,2019
"시군구별(1)","보험료분위별(1)",계,계,계,직장,직장,직장,직장,직장,직장,직장,직장,직장,지역,지역,지역,계,계,계,직장,직장,직장,직장,직장,직장,직장,직장,직장,지역,지역,지역,계,계,계,직장,직장,직장,직장,직장,직장,직장,직장,직장,지역,지역,지역,계,계,계,직장,직장,직장,직장,직장,직장,직장,직장,직장,지역,지역,지역,계,계,계,직장,직장,직장,직장,직장,직장,직장,직장,직장,지역,지역,지역,계,계,계,직장,직장,직장,직장,직장,직장,직장,직장,직장,지역,지역,지역,계,계,계,직장,직장,직장,직장,직장,직장,직장,직장,직장,지역,지역,지역
"시군구별(1)","보험료분위별(1)",소계,소계,소계,소계,소계,소계,근로자,근로자,근로자,공교,공교,공교,소계,소계,소계,소계,소계,소계,소계,소계,소계,근로자,근로자,근로자,공교,공교,공교,소계,소계,소계,소계,소계,소계,소계,소계,소계,근로자,근로자,근로자,공교,공교,공교,소계,소계,소계,소계,소계,소계,소계,소계,소계,근로자,근로자,근로자,공교,공교,공교,소계,소계,소계,소계,소계,소계,소계,소계,소계,근로자,근로자,근로자,공교,공교,공교,소계,소계,소계,소계,소계,소계,소계,소계,소계,근로자,근로자,근로자,공교,공교,공교,소계,소계,소계,소계,소계,소계,소계,소계,소계,근로자,근로자,근로자,공교,공교,공교,소계,소계,소계
"시군구별(1)","보험료분위별(1)",세대수 (세대),평균보험료 (원),적용인구 (명),가입자 (명),평균보험료 (원),적용인구 (명),가입자 (명),평균보험료 (원),적용인구 (명),가입자 (명),평균보험료 (원),적용인구 (명),세대수 (세대),평균보험료 (원),적용인구 (명),세대수 (세대),평균보험료 (원),적용인구 (명),가입자 (명),평균보험료 (원),적용인구 (명),가입자 (명),평균보험료 (원),적용인구 (명),가입자 (명),평균보험료 (원),적용인구 (명),세대수 (세대),평균보험료 (원),적용인구 (명),세대수 (세대),평균보험료 (원),적용인구 (명),가입자 (명),평균보험료 (원),적용인구 (명),가입자 (명),평균보험료 (원),적용인구 (명),가입자 (명),평균보험료 (원),적용인구 (명),세대수 (세대),평균보험료 (원),적용인구 (명),세대수 (세대),평균보험료 (원),적용인구 (명),가입자 (명),평균보험료 (원),적용인구 (명),가입자 (명),평균보험료 (원),적용인구 (명),가입자 (명),평균보험료 (원),적용인구 (명),세대수 (세대),평균보험료 (원),적용인구 (명),세대수 (세대),평균보험료 (원),적용인구 (명),가입자 (명),평균보험료 (원),적용인구 (명),가입자 (명),평균보험료 (원),적용인구 (명),가입자 (명),평균보험료 (원),적용인구 (명),세대수 (세대),평균보험료 (원),적용인구 (명),세대수 (세대),평균보험료 (원),적용인구 (명),가입자 (명),평균보험료 (원),적용인구 (명),가입자 (명),평균보험료 (원),적용인구 (명),가입자 (명),평균보험료 (원),적용인구 (명),세대수 (세대),평균보험료 (원),적용인구 (명),세대수 (세대),평균보험료 (원),적용인구 (명),가입자 (명),평균보험료 (원),적용인구 (명),가입자 (명),평균보험료 (원),적용인구 (명),가입자 (명),평균보험료 (원),적용인구 (명),세대수 (세대),평균보험료 (원),적용인구 (명)
"부산","계",1470147,84069,3239601,949213,84722,2211363,866071,80514,1974008,83142,128560,237355,520934,82879,1028238,1495910,88187,3247796,976307,90018,2238582,898367,85299,2013239,77940,144407,225343,519603,84748,1009214,1507751,90407,3190327,1000461,90884,2227068,922722,86369,2006985,77739,144483,220083,507290,89465,963259,1540187,94523,3209168,1031508,94938,2255619,953076,90502,2037500,78432,148834,218119,508679,93681,953549,1556719,97673,3185440,1043197,98372,2240862,964866,93804,2027103,78331,154643,213759,513522,96253,944578,1586440,1517645,3152436,1058991,1597702,2212713,980593,1532925,2007301,78398,2468498,205412,527449,1374602,939723,1615320,104377,3128875,1084312,109852,2202642,1005698,105419,2002128,78614,166553,200514,531008,93197,926233
"부산","1분위",144546,18183,233790,96767,24148,179738,96372,24148,179135,395,24248,603,47779,6100,54052,146656,18845,236400,101807,24567,185372,101610,24564,185073,197,25761,299,44849,5856,51028,149793,19815,234621,105234,25575,183954,105006,25575,183594,228,25471,360,44559,6210,50667,157692,20626,242491,111599,26506,189807,111295,26504,189317,304,27475,490,46093,6388,52684,157269,21122,239273,111357,27238,186823,111054,27229,186360,303,30450,463,45912,6288,52450,167872,353031,256122,115778,469062,189589,115367,468847,188960,411,528105,629,52094,112994,66533,177010,24566,264146,123219,31816,194121,122965,31801,193728,254,38780,393,53791,7960,70025
"부산","2분위",152788,25288,250291,94937,32724,178457,93974,32721,176894,963,32982,1563,57851,13086,71834,159360,26290,256133,98740,34594,181833,98065,34584,180809,675,36077,1024,60620,12764,74300,155151,28165,245320,98500,36713,175390,97776,36707,174311,724,37432,1079,56651,13303,69930,159979,29830,249489,101699,38981,177682,100819,38971,176394,880,40098,1288,58280,13862,71807,160842,31050,248670,103191,40864,177375,102161,40859,175871,1030,41435,1504,57651,13484,71295,157663,554073,248962,107026,739540,181221,105762,739428,179351,1264,751011,1870,50637,186557,67741,174520,38051,266077,112097,52027,184843,110890,52020,183131,1207,52667,1712,62423,12953,81234
"부산","3분위",159607,32494,266874,101440,39632,187766,98864,39650,183714,2576,38932,4052,58167,20045,79108,162266,33952,269597,103960,41802,189990,102697,41807,188000,1263,41422,1990,58306,19956,79607,163295,35736,262953,106460,43696,187514,104908,43708,185083,1552,42893,2431,56835,20826,75439,164070,37659,261423,107623,45907,185286,106098,45910,183018,1525,45718,2268,56447,21933,76137,170538,38724,266129,110114,48099,186230,108960,48106,184531,1154,47355,1699,60424,21639,79899,186286,586539,286552,110843,846309,183873,109761,846300,182323,1082,847661,1550,75443,210721,102679,177291,42491,268856,111981,58856,180517,110532,58853,178583,1449,59076,1934,65310,14431,88339
"부산","4분위",143149,42411,270292,98246,47494,186763,96389,47495,183761,1857,47420,3002,44903,31291,83529,148021,44234,272225,102531,49997,190483,100760,49985,187691,1771,50655,2792,45490,31244,81742,150436,46369,265875,105027,52103,187078,102878,52083,183931,2149,53049,3147,45409,33108,78797,149411,49015,259485,106137,54530,186030,103937,54502,182696,2200,55859,3334,43274,35490,73455,153267,51122,263094,109819,57116,189282,108002,57112,186681,1817,57385,2601,43448,35972,73812,148094,797615,245310,109980,970594,186111,108061,970340,183404,1919,984092,2707,38114,333386,59199,154541,55710,248891,113561,66389,186854,111235,66378,183654,2326,66876,3200,40980,26117,62037
"부산","5분위",145697,53967,288726,98371,57347,196648,95682,57349,192081,2689,57279,4567,47326,46942,92078,149220,56243,292687,102310,60291,201707,99561,60286,197129,2749,60478,4578,46910,47414,90980,150448,58721,286950,104419,62224,198074,101844,62221,193731,2575,62370,4343,46029,50774,88876,154310,61614,288285,107603,64750,199417,104628,64727,194482,2975,65538,4935,46707,54389,88868,154481,64105,281291,107578,67324,195619,104385,67316,190549,3193,67576,5070,46903,56722,85672,154397,978279,270546,108904,1143310,192301,105710,1143048,187459,3194,1152026,4842,45493,610255,78245,160340,68027,276251,111139,77444,192621,107594,77434,187337,3545,77739,5284,49201,46756,83630
"부산","6분위",149498,69168,325063,99282,69724,217660,94072,69717,208033,5210,69848,9627,50216,68068,107403,152152,72220,325411,101832,73443,221024,97035,73420,212027,4797,73920,8997,50320,69743,104387,151517,75007,311178,104134,75609,218027,99209,75579,209292,4925,76218,8735,47383,73683,93151,153015,78366,307302,106285,78441,218160,101228,78408,209278,5057,79119,8882,46730,78193,89142,152545,81137,300944,106132,81061,213681,100993,81027,204666,5139,81717,9015,46413,81311,87263,159557,1248965,303118,107817,1361690,209915,102280,1361166,200726,5537,1371570,9189,51740,1025706,93203,162934,85679,305397,107323,91486,202940,101467,91480,193499,5856,91583,9441,55611,74471,102457
"부산","7분위",146195,88122,350936,95470,85922,237020,86236,85867,216973,9234,86437,20047,50725,92263,113916,149055,91943,354424,98829,90618,243968,90947,90540,226096,7882,91520,17872,50226,94550,110456,151391,95327,348817,101124,93267,241350,93443,93199,224616,7681,94099,16734,50267,99471,107467,153745,99336,347953,103717,96602,242706,96217,96545,226698,7500,97335,16008,50028,105003,105247,155226,102545,343037,104916,99321,240036,97017,99260,223906,7899,100067,16130,50310,109269,103001,157023,1601125,336113,106380,1654209,234799,98032,1653476,218942,8348,1662181,15857,50643,1493921,101314,146903,108229,306706,107692,110389,233339,99252,110358,217351,8440,110757,15988,39211,102296,73367
"부산","8분위",155298,114174,419292,97973,108662,278183,82540,108433,234391,15433,109884,43792,57325,123596,141109,155573,119321,416910,98406,115045,278820,84447,114656,238507,13959,117397,40313,57167,126681,138090,156351,123421,407715,100717,118117,277428,87650,117859,241035,13067,119848,36393,55634,133025,130287,158523,128332,406491,102676,122277,277489,89743,122105,242189,12933,123467,35300,55847,139465,129002,159582,132336,402025,103663,125854,276092,90901,125668,242107,12762,127177,33985,55919,144354,125933,160551,2078616,387680,104089,2088746,268471,91873,2085144,237097,12216,2116988,31374,56462,2060394,119209,163937,136910,384501,106335,138294,265882,94233,138054,235299,12102,140165,30583,57602,134354,118619
"부산","9분위",147116,152460,445037,89432,145417,292344,61443,144594,197198,27989,147223,95146,57684,163380,152693,145391,158704,434493,88937,153156,287156,62130,152171,197938,26807,155439,89218,56454,167444,147337,146432,163587,427534,91203,156789,287898,65125,156059,201726,26078,158612,86172,55229,174813,139636,151021,169371,435047,95736,162010,297482,69702,161260,212391,26034,164018,85091,55285,182118,137565,151642,174523,427098,95624,166799,290871,70450,165954,210068,25174,169165,80803,56018,187708,136227,152235,2811541,412370,97552,2764402,289131,72544,2748980,211267,25008,2816051,77864,54683,2889102,123239,154704,184540,409617,99332,182205,287225,74399,180927,210967,24933,186020,76258,55372,188728,122392
"부산","10분위",126253,274035,389300,77295,282969,256784,60499,306544,201828,16796,198053,54956,48958,259929,132516,128216,297839,389516,78955,316014,258229,61115,342225,199969,17840,226222,58260,49261,268708,131287,132937,287950,399364,83643,292863,270355,64883,315006,209666,18760,216279,60689,49294,279614,129009,138421,298817,411202,88433,304068,281560,69409,326247,221037,19024,223149,60523,49988,289529,129642,141327,307889,413879,90803,314312,284853,70943,337534,222364,19860,231359,62489,50524,296345,129026,142762,5167197,405663,90622,5118739,277302,71203,5459269,217772,19419,3812359,59530,52140,5222487,128361,143140,347284,398433,91633,350457,274300,73131,374883,218579,18502,253908,55721,51507,341639,124133
"대구","계",996216,82748,2296754,636916,82022,1569061,569996,76864,1371635,66920,125953,197426,359300,84036,727693,1017784,87969,2313843,660699,88392,1601385,596181,83096,1410961,64518,137331,190424,357085,87186,712458,1032143,90913,2288022,682410,89770,1606876,617608,84355,1419390,64802,141377,187486,349733,93142,681146,1053723,95489,2291284,704477,94104,1621144,639700,88909,1437612,64777,145403,183532,349246,98282,670140,1073819,98131,2289434,725361,97425,1633604,660001,92097,1451975,65360,151225,181629,348458,99600,655830,1104023,757911,2278956,743885,790003,1623165,677562,755029,1446444,66323,1194338,176721,360138,701405,655791,1123834,105874,2264246,760740,110355,1617967,693462,105193,1443564,67278,163553,174403,363094,96487,646279
"대구","1분위",111142,18737,192021,76476,24584,153798,76078,24582,153091,398,24957,707,34666,5839,38223,109506,19111,186111,76543,24878,149566,76328,24878,149240,215,25141,326,32963,5717,36545,109582,20105,179576,77173,26031,143533,76912,26032,143128,261,25623,405,32409,5995,36043,110828,20791,177647,77883,26985,140768,77605,26982,140328,278,27747,440,32945,6147,36879,112094,21274,176023,79205,27604,139399,78937,27599,138990,268,29235,409,32889,6030,36624,117132,177173,183328,81510,235828,139893,81231,235735,139465,279,264335,428,35622,54849,43435,121399,24647,185434,84479,31975,139340,84219,31961,138942,260,36457,398,36920,7878,46094
"대구","2분위",109902,26288,191636,73648,32703,147424,72362,32708,145451,1286,32449,1973,36254,13256,44212,112856,27471,194931,76014,34493,150273,75355,34483,149287,659,35654,986,36842,12982,44658,113164,29424,191855,77952,36638,149148,77295,36635,148130,657,36992,1018,35212,13454,42707,117212,31091,194117,80466,38894,149673,79420,38882,148143,1046,39878,1530,36746,14004,44444,119095,32537,195268,82928,40799,151515,81752,40789,149787,1176,41473,1728,36167,13593,43753,117066,282776,193248,82865,369654,147184,81656,369607,145458,1209,373286,1726,34201,92875,46064,127754,38754,203211,84221,52113,146252,83119,52103,144691,1102,52860,1561,43533,12909,56959
"대구","3분위",105714,32521,184254,67414,39637,133021,65736,39649,130259,1678,39167,2762,38300,19996,51233,109400,34089,190187,71195,41760,139737,69902,41763,137653,1293,41614,2084,38205,19793,50450,110087,35967,183977,72980,43693,135536,71385,43704,133093,1595,43223,2443,37107,20771,48441,111370,38049,184676,74924,45856,136484,73657,45857,134477,1267,45811,2007,36446,21999,48192,119019,39154,192598,78649,48072,140503,77484,48077,138745,1165,47747,1758,40370,21780,52095,134221,296658,214280,81858,422355,142720,80506,422320,140767,1352,424314,1953,52363,105541,71560,127200,43144,201524,82412,58771,140665,80878,58766,138486,1534,59042,2179,44788,14390,60859
"대구","4분위",94895,42635,187101,65891,47585,133673,64193,47591,130805,1698,47356,2868,29004,31390,53428,98629,44346,188492,68840,49971,135745,67310,49971,133093,1530,49968,2652,29789,31347,52747,99981,46536,184419,70677,52024,134771,69103,52020,132145,1574,52183,2626,29304,33299,49648,99609,49258,179887,71653,54533,133130,69933,54514,130404,1720,55318,2726,27956,35737,46757,99469,51705,178247,73562,57114,133178,72077,57115,130915,1485,57043,2263,25907,36348,45069,100437,403139,172669,76004,485403,133368,74491,485355,131081,1513,487961,2287,24433,166613,39301,104592,56481,175806,78921,66377,135796,77150,66369,133276,1771,66759,2520,25671,26057,40010
"대구","5분위",99226,53674,203077,63755,57333,136340,61355,57340,132086,2400,57149,4254,35471,47099,66737,99398,55884,201969,65498,60258,137195,63486,60244,133636,2012,60700,3559,33900,47434,64774,100279,58427,198562,67453,62203,136012,65466,62194,132563,1987,62508,3449,32826,50668,62550,103237,61473,200120,70758,64788,139099,68359,64770,135061,2399,65327,4038,32479,54250,61021,103710,63999,195661,71108,67299,136380,68532,67291,132214,2576,67535,4166,32602,56801,59281,102940,485865,187258,72082,571022,133294,69381,570871,129058,2701,574949,4236,30858,304948,53964,105839,67995,188250,73386,77404,132246,70468,77393,127757,2918,77682,4489,32453,46719,56004
"대구","6분위",97942,69050,226345,61792,69729,146046,57570,69723,138069,4222,69814,7977,36150,67889,80299,99414,72098,225726,64068,73461,149555,59978,73420,141756,4090,74067,7799,35346,69627,76171,100176,75031,217743,67389,75711,150886,63303,75641,143547,4086,76792,7339,32787,73634,66857,101355,78400,213752,69650,78540,151022,65483,78478,143558,4167,79523,7464,31705,78091,62730,103755,81191,214487,71785,81159,152071,67655,81115,144828,4130,81891,7243,31970,81262,62416,108808,623006,215898,73342,681246,150197,69016,680976,143000,4326,685811,7197,35466,512252,65701,110892,85927,216114,74280,91547,147317,69518,91534,139545,4762,91738,7772,36612,74525,68797
"대구","7분위",96224,88361,246484,60363,86054,161391,52658,86038,143288,7705,86161,18103,35861,92245,85093,97446,92056,245232,63198,90697,166702,55990,90592,150080,7208,91514,16622,34248,94563,78530,99844,95417,243757,65816,93349,168375,58946,93262,153252,6870,94099,15123,34028,99416,75382,100786,99328,239821,67600,96527,168456,60896,96465,153977,6704,97098,14479,33186,105032,71365,104676,102548,242412,70476,99316,170103,63636,99235,156160,6840,100074,13943,34200,109208,72309,105143,799916,235314,71624,826779,166135,64359,825810,152062,7265,835149,14073,33519,746266,69179,100778,108249,218858,74250,110303,168206,66620,110203,153656,7630,111174,14550,26528,102501,50652
"대구","8분위",99634,114377,283460,60280,108416,181638,46668,108025,141699,13612,109757,39939,39354,123507,101822,101042,119299,282834,62148,114693,185250,49088,114096,146716,13060,116934,38534,38894,126660,97584,103520,123406,282888,65613,117839,191556,53338,117401,156533,12275,119741,35023,37907,133042,91332,105971,128347,283787,67948,122035,193828,55824,121640,159437,12124,123856,34391,38023,139625,89959,106731,132192,279817,69185,125603,192523,57798,125245,161333,11387,127422,31190,37546,144333,87294,109949,1038577,274877,72306,1042273,193136,61041,1039704,164022,11265,1057373,29114,37643,1031860,81741,111856,137044,272389,73312,138388,191018,61888,138076,162247,11424,140083,28771,38544,134486,81371
"대구","9분위",97129,152689,308602,57744,145419,200413,35512,144877,121800,22232,146284,78613,39385,163348,108189,100713,158847,314566,60012,153085,204541,37544,152120,126892,22468,154697,77649,40701,167342,110025,102673,164035,313850,61787,156807,207262,39823,155955,132518,21964,158352,74744,40886,174957,106588,105789,169999,316275,64600,161949,211461,43392,161140,140496,21208,163605,70965,41189,182625,104814,107193,174443,316677,67774,166549,218799,46103,165518,147331,21671,168743,71468,39419,188014,97878,107555,1406617,304890,69437,1380561,216985,47712,1372828,147622,21725,1400442,69363,38118,1446746,87905,110300,184753,304961,71263,182358,216823,49660,181078,148833,21603,185299,67990,39037,189126,88138
"대구","10분위",84408,274408,273774,49553,283620,175317,37864,308082,135087,11689,204379,40230,34855,261313,98457,89380,296404,283795,53183,315164,182821,41200,343393,142608,11983,218108,40213,36197,268840,100974,92837,292670,291395,55570,299932,189797,42037,326382,144481,13533,217773,45316,37267,281840,101598,97566,303773,301202,58995,311649,197223,45131,338570,151731,13864,224014,45492,38571,291725,103979,98077,313101,298244,60689,321765,199133,46027,350771,151672,14662,230710,47461,37388,299038,99111,100772,2593577,297194,62857,2571235,200253,48169,2770184,153909,14688,1899977,46344,37915,2618190,96941,103224,351710,297699,64216,357660,200304,49942,387562,156131,14274,253038,44173,39008,341914,97395
"울산","계",503934,104225,1203387,363397,110894,931123,340568,109883,870096,22829,125984,61027,140537,86979,272264,518268,108407,1216639,375495,115510,943633,353250,114172,884799,22245,136751,58834,142773,89728,273006,531695,110959,1225631,386723,117089,953271,363972,115821,893898,22751,137378,59373,144972,94608,272360,535389,113800,1215695,387144,119641,939376,364106,118182,879959,23038,142700,59417,148245,98545,276319,537488,115529,1202286,386168,121343,924032,362984,119594,865093,23184,148724,58939,151320,100692,278254,543576,571969,1185751,387978,620882,906416,364215,612034,848126,23763,753901,58290,155598,448891,279335,558773,121091,1180477,402340,131744,910031,378329,129839,852255,24011,161756,57776,156433,93694,270446
"울산","1분위",33733,17774,52422,23243,23016,40516,23145,23007,40384,98,25199,132,10490,6160,11906,34840,17829,53557,24006,23126,41152,23946,23121,41060,60,25110,92,10834,6093,12405,35916,18965,53414,24900,24571,40867,24829,24564,40769,71,27090,98,11016,6294,12547,37236,19620,54825,25493,25709,41505,25367,25686,41342,126,30409,163,11743,6400,13320,38306,20121,56302,26138,26565,42415,26055,26552,42303,83,30723,112,12168,6278,13887,39860,109123,59460,27389,142781,43686,27298,142713,43563,91,167817,123,12471,33933,15774,43213,23554,62732,29143,31115,44657,29055,31103,44528,88,34945,129,14070,7895,18075
"울산","2분위",40113,25098,60173,24510,32583,41182,24213,32580,40777,297,32831,405,15603,13339,18991,41171,26438,61600,25649,34532,42884,25383,34523,42514,266,35389,370,15522,13063,18716,41461,28059,61689,26109,36641,43134,25895,36638,42824,214,36996,310,15352,13462,18555,42832,29739,63476,27161,38871,44390,26854,38864,43948,307,39543,442,15671,13912,19086,43911,31010,64919,28112,40841,45697,27799,40835,45281,313,41403,416,15799,13517,19222,47224,172178,71130,30227,231747,48354,29826,231732,47836,401,232935,518,16997,57916,22776,51336,36819,75018,31444,52140,49443,31090,52135,48969,354,52596,474,19892,12599,25575
"울산","3분위",42499,32270,65512,26674,39592,44149,25905,39602,43075,769,39267,1074,15825,19927,21363,44396,33969,69114,28479,41962,47641,28000,41975,46984,479,41182,657,15917,19669,21473,44298,35557,67487,28478,43889,46762,27924,43900,46021,554,43331,741,15820,20559,20725,45448,37592,68416,29407,45980,47415,28931,45974,46786,476,46330,629,16041,22217,21001,47364,38495,70453,29775,48185,47749,29240,48187,47023,535,48081,726,17589,22092,22704,51705,192732,77195,30741,264750,49051,30316,264749,48518,425,264881,533,20964,66184,28144,49272,42524,72505,31127,58833,48084,30655,58821,47525,472,59617,559,18145,14546,24421
"울산","4분위",40133,42944,69713,29087,47363,49758,28613,47365,49080,474,47254,678,11046,31308,19955,43317,44975,72938,31460,50091,52434,30950,50102,51727,510,49446,707,11857,31400,20504,44857,46977,73562,32550,52151,52968,31908,52150,52091,642,52189,877,12307,33292,20594,44978,49396,73393,32605,54626,53005,31868,54618,52001,737,54983,1004,12373,35615,20388,45423,51718,74593,33479,57267,54320,32844,57258,53476,635,57729,844,11944,36163,20273,44207,253247,71280,32756,304111,53034,32194,304081,52293,562,305789,741,11451,105331,18246,46426,56322,73443,34699,66435,54920,33828,66432,53795,871,66546,1125,11727,26400,18523
"울산","5분위",45351,54177,81540,31958,57240,57355,31248,57234,56309,710,57519,1046,13393,46869,24185,46110,56732,82862,33129,60424,59003,32275,60412,57752,854,60895,1251,12981,47309,23859,47090,59030,83522,33995,62254,59380,33098,62261,58088,897,62002,1292,13095,50660,24142,48815,61778,86056,35147,64692,60809,34194,64686,59434,953,64899,1375,13668,54285,25247,48248,64410,84016,34465,67414,59238,33435,67409,57764,1030,67592,1474,13783,56896,24778,50938,313756,87524,37312,358849,63577,35995,359003,61764,1317,354725,1813,13626,189937,23947,53862,69110,90318,39071,77670,64748,37862,77669,63074,1209,77707,1674,14791,46499,25570
"울산","6분위",47904,69235,98027,34332,69748,70111,33029,69748,67786,1303,69746,2325,13572,67936,27916,48345,72548,96478,34445,73606,68658,33081,73600,66264,1364,73759,2394,13900,69927,27820,51165,75311,98771,36811,75767,71319,35470,75737,69073,1341,76552,2246,14354,74144,27452,52442,78574,101566,37807,78550,74240,36495,78534,72081,1312,79001,2159,14635,78638,27326,53116,81194,101983,38399,80914,74607,37079,80884,72493,1320,81768,2114,14717,81923,27376,52656,395034,99324,37248,425521,70872,35767,425425,68602,1481,428400,2270,15408,320684,28452,54821,86735,101262,39059,91660,72219,37481,91664,69872,1578,91565,2347,15762,74530,29043
"울산","7분위",51218,87521,117913,36901,85773,86852,34372,85709,81748,2529,86638,5104,14317,92027,31061,54547,91587,123929,40164,90645,93582,37647,90556,88489,2517,91971,5093,14383,94219,30347,56635,94669,126996,41765,93020,96075,39286,92947,91090,2479,94178,4985,14870,99299,30921,55564,98812,123484,40583,96617,92483,38140,96561,87692,2443,97499,4791,14981,104759,31001,54800,102256,120930,39535,99551,89956,37182,99493,85566,2353,100471,4390,15265,109261,30974,54289,502671,116608,38465,516702,84657,35883,516316,80083,2582,522299,4574,15824,468103,31951,54942,108428,112051,40598,110431,87339,38087,110356,82873,2511,111566,4466,14344,102761,24712
"울산","8분위",55288,112773,146460,39969,108708,110357,35040,108540,97335,4929,109901,13022,15319,123379,36103,57755,118238,152300,42208,115145,116213,37417,114933,103566,4791,116802,12647,15547,126636,36087,59724,121838,153934,44211,117940,118714,39456,117698,106430,4755,119947,12284,15513,132949,35220,59991,126906,152508,43999,122340,116477,39422,122151,104727,4577,123967,11750,15992,139466,36031,58571,130965,149683,42377,125864,113857,38062,125654,103140,4315,127724,10717,16194,144313,35826,56334,650558,137477,40533,653299,104601,36474,652403,94870,4059,661185,9731,15801,643329,32876,58482,137419,138610,42757,138552,106861,38589,138376,96997,4168,140180,9864,15725,134339,31749
"울산","9분위",58508,150281,181513,42804,145279,141788,35015,145097,116989,7789,146097,24799,15704,163914,39725,60183,157254,186771,44277,153411,147131,36997,153188,124459,7280,154548,22672,15906,167951,39640,60067,161907,182832,44099,157083,144225,36619,156970,120929,7480,157641,23296,15968,175228,38607,61302,168392,186661,45071,163306,147564,37503,163330,124230,7568,163187,23334,16231,182515,39097,62988,173855,188081,45983,168536,147922,38297,168552,124554,7686,168455,23368,17005,188240,40159,62955,879637,184266,46295,870799,147503,38494,869835,124350,7801,872009,23153,16660,904030,36763,65886,184859,189005,49506,183486,153721,41687,183256,130967,7819,184709,22754,16380,189009,35284
"울산","10분위",89187,252696,330114,73919,251340,289055,69988,254301,276613,3931,198625,12442,15268,259261,41059,87604,269464,317090,71678,269693,274935,67554,272578,261984,4124,222441,12951,15926,268431,42155,90482,270475,323424,73805,268727,279827,69487,272231,266583,4318,212341,13244,16677,278213,43597,86781,281512,305310,69871,280035,261488,65332,284140,247718,4539,220949,13770,16910,287615,43822,84761,284861,291326,67905,282963,248271,62991,287411,233493,4914,225946,14778,16856,292506,43055,83408,1473108,281487,67012,1445216,241081,61968,1468896,226247,5044,1176615,14834,16396,1599306,40406,80533,315321,265533,64936,311339,228039,59995,316495,213655,4941,248744,14384,15597,331897,37494
"경북","계",1060819,74899,2375252,646584,81050,1573408,589594,77359,1404898,56990,119225,168510,414235,65298,801844,1094725,79757,2432321,679213,87269,1637225,610576,82535,1435962,68637,129383,201263,415512,67478,795096,1111943,82748,2421729,700246,89411,1650407,631031,84474,1451404,69215,134418,199003,411697,71415,771322,1128642,86501,2421791,715857,93200,1657543,645046,88122,1458111,70811,139456,199432,412785,74883,764248,1152515,89013,2417927,735248,96171,1661519,663826,91005,1465492,71422,144182,196027,417267,76400,756408,1179573,1898701,2406493,748262,2275414,1645289,675636,2071693,1453852,72626,3478688,191437,431311,1404199,761204,1214488,94620,2407349,769752,107897,1643743,695142,102912,1454113,74610,154349,189630,444736,71639,763606
"경북","1분위",132445,15121,205731,69729,23789,135566,68915,23751,134241,814,27048,1325,62716,5483,70165,136074,15231,208396,71813,24002,136601,71269,23986,135680,544,26119,921,64261,5430,71795,135662,16206,203830,73169,25294,134185,72799,25275,133580,370,28980,605,62493,5566,69645,135229,16867,200288,73346,26333,131073,73023,26314,130528,323,30610,545,61883,5649,69215,140701,17197,204586,76180,26970,132568,75923,26957,132181,257,30770,387,64521,5657,72018,144352,394115,213602,78729,695232,133542,78212,693830,132771,517,734014,771,65623,134562,80060,156338,19733,225269,81889,31361,133212,81553,31342,132695,336,36125,517,74449,6942,92057
"경북","2분위",117974,24719,192857,70250,32522,132653,68698,32523,130240,1552,32459,2413,47724,13234,60204,116737,26162,190973,71858,34440,134638,70305,34434,132211,1553,34732,2427,44879,12907,56335,121131,27816,195055,75180,36588,137798,73622,36586,135364,1558,36691,2434,45951,13465,57257,125366,29546,200684,78467,38853,141790,76666,38838,139073,1801,39491,2717,46899,13975,58894,130284,30657,205451,81500,40792,144518,79594,40776,141719,1906,41435,2799,48784,13725,60933,144481,709803,227602,82900,1109936,143637,81270,1110109,141163,1630,1117422,2474,61581,257755,83965,145624,35753,223530,86122,52230,145093,84083,52213,142136,2039,52949,2957,59502,11904,78437
"경북","3분위",104811,32314,180019,64718,39534,120407,62540,39545,116749,2178,39230,3658,40093,20659,59612,107653,33904,184081,68204,41805,126555,66731,41809,124072,1473,41638,2483,39449,20245,57526,107367,35675,179041,68498,43781,122872,66650,43789,119917,1848,43482,2955,38869,21389,56169,110350,37667,181060,71524,45937,126021,69798,45930,123366,1726,46206,2655,38826,22433,55039,115447,39113,186997,75749,48050,130927,73943,48049,128209,1806,48066,2718,39698,22060,56070,113202,1087870,180940,77292,1267283,131788,75314,1267032,128861,1978,1275429,2927,35910,323617,49152,121208,43452,191584,78672,58715,131861,76485,58698,128751,2187,59302,3110,42536,15224,59723
"경북","4분위",106329,41295,199823,65127,47366,125694,63054,47374,122028,2073,47137,3666,41202,31698,74129,111896,42823,205076,68738,50038,129862,66462,50031,125789,2276,50229,4073,43158,31334,75214,115151,45132,205609,72369,52049,132730,69991,52038,128632,2378,52367,4098,42782,33431,72879,114194,47329,200509,70614,54502,127164,68048,54478,122882,2566,55123,4282,43580,35708,73345,113519,49392,197236,71394,57101,125719,69170,57099,122189,2224,57184,3530,42125,36327,71517,112820,1055778,190294,72432,1456760,124513,69814,1455877,120474,2618,1468791,4039,40388,496231,65781,113392,52898,189054,75235,66367,126282,72489,66350,122304,2746,66822,3978,38157,26341,62772
"경북","5분위",114252,52739,232455,64848,57189,132270,62221,57190,127497,2627,57153,4773,49404,46898,100185,114763,54904,232450,66373,60336,134253,63525,60319,129029,2848,60724,5224,48390,47453,98197,114644,57507,226547,67109,62240,130328,64433,62227,125611,2676,62547,4717,47535,50825,96219,118032,60641,229833,70266,64769,134007,67162,64742,128625,3104,65360,5382,47766,54568,95826,118518,62945,224528,70058,67314,130579,66456,67296,124670,3602,67644,5909,48460,56628,93949,122528,1336346,224626,71947,1713334,130070,67960,1711764,123811,3987,1727102,6259,50581,931974,94556,127722,64408,229855,74091,77440,129732,69227,77439,122130,4864,77463,7602,53631,46405,100123
"경북","6분위",111021,68735,257125,64579,69527,146483,60100,69520,137655,4479,69619,8828,46442,67634,110642,112881,71762,257355,66492,73420,149471,61674,73389,139846,4818,73811,9625,46389,69387,107884,111829,74800,245116,68282,75694,148075,63310,75652,138831,4972,76226,9244,43547,73399,97041,112914,78294,241433,70217,78495,148467,65392,78445,139713,4825,79172,8754,42697,77964,92966,116185,81053,242339,72942,81003,149812,68089,80941,141199,4853,81880,8613,43243,81137,92527,121392,1798313,243204,73509,2042268,146325,68241,2039882,137342,5268,2054060,8983,47883,1521257,96879,122708,84775,239938,74791,91545,144084,68686,91527,134041,6105,91755,10043,47917,74207,95854
"경북","7분위",108156,88190,273547,66752,85941,171142,60164,85934,154514,6588,86006,16628,41404,91816,102405,110922,92041,278418,70132,90890,179730,62200,90807,160320,7932,91536,19410,40790,94022,98688,111748,95511,274070,69727,93487,175695,62426,93402,158825,7301,94215,16870,42021,98871,98375,111729,99548,269603,69231,96622,171866,61788,96557,155248,7443,97160,16618,42498,104316,97737,113889,102782,266121,72001,99443,172715,64458,99383,156546,7543,99952,16169,41888,108523,93406,111872,2376045,249431,73633,2480216,169305,66012,2474672,153827,7621,2502191,15478,38239,2226918,80126,110566,107930,232038,75574,110422,168179,67413,110373,152018,8161,110832,16161,34992,102546,63859
"경북","8분위",98141,113281,275410,63760,108248,188058,54620,108102,159089,9140,109119,28969,34381,122615,87352,103465,118338,288243,68518,114708,201184,56493,114391,163971,12025,116198,37213,34947,125453,87059,107972,122314,293502,73505,117854,210416,61625,117653,174542,11880,118895,35874,34467,131826,83086,108973,127341,291483,74796,122157,210085,62565,122009,173968,12231,122909,36117,34177,138687,81398,109308,131273,285380,75070,125720,206278,62851,125499,171337,12219,126858,34941,34238,143449,79102,109516,3110230,275950,74921,3132849,201153,62929,3116554,168526,11992,3176698,32627,34595,3071685,74797,112591,136902,275684,76862,138262,200167,64918,137919,168366,11944,140124,31801,35729,133976,75517
"경북","9분위",92445,150673,301475,65110,145419,229662,46387,144615,161430,18723,147412,68232,27335,163188,71813,100567,157273,322368,71857,153378,247543,46782,152422,160672,25075,155163,86871,28710,167020,74825,102998,161970,322059,73886,157088,248515,49618,155802,165489,24268,159717,83026,29112,174360,73544,104902,168027,322016,75607,162689,249095,52110,161318,169759,23497,165727,79336,29295,181807,72921,105794,172992,319542,76553,167395,248105,53442,165785,171160,23111,171120,76945,29241,187644,71437,108898,4235808,317711,77733,4206680,245594,54861,4132950,171501,22872,4281398,74093,31165,4307446,72117,112730,184813,319182,80569,183498,247092,58071,181892,175492,22498,187641,71600,32161,188108,72090
"경북","10분위",75245,246080,256810,51711,241980,191473,42895,250842,161455,8816,198863,30018,23534,255088,65337,79767,264175,264961,55228,265143,197388,45135,278039,164372,10093,207477,33016,24539,261995,67573,83441,262413,276900,58521,258185,209793,46557,270658,170613,11964,209649,39180,24920,272343,67107,86953,269781,284882,61789,265648,217975,48494,279349,174949,13295,215675,43026,25164,279927,66907,88870,279268,285747,63801,275497,220298,49900,290178,176282,13901,222795,44016,25069,288866,65449,90512,7076101,283133,65166,6787692,219362,51023,7488490,175576,14143,5472540,43786,25346,7769215,63771,91609,311627,281215,65947,303799,218041,52217,319601,176180,13730,243702,41861,25662,331744,63174
"경남","계",1368484,81829,3101642,886996,85391,2150217,821359,82221,1958765,65637,125067,191452,481488,75266,951425,1419595,86878,3172521,935927,91631,2230722,857500,87105,2005759,78427,141117,224963,483668,77681,941799,1454298,88783,3178499,970345,92267,2254234,891116,88305,2032047,79229,136825,222187,483953,81799,924265,1477960,91987,3181841,985674,95389,2252650,905803,91264,2032417,79871,142167,220233,492286,85177,929191,1501737,93903,3182886,996621,97671,2242533,915799,93248,2024042,80822,147786,218491,505116,86468,940353,1545312,1846105,3175008,1028515,2098878,2241313,945545,1953986,2026428,82970,3320607,214885,516797,1483244,933695,1593803,99117,3186349,1061541,108340,2255318,976365,103984,2041585,85176,158277,213733,532262,80723,931031
"경남","1분위",139526,16141,218654,82563,23359,154881,82264,23353,154365,299,25040,516,56963,5678,63773,142993,16336,220532,84047,23875,154164,83877,23871,153889,170,26047,275,58946,5585,66368,145857,17326,217896,87204,25117,152028,86932,25108,151604,272,28226,424,58653,5743,65868,150010,18060,222254,90273,26141,155146,90056,26134,154809,217,29093,337,59737,5847,67108,154809,18346,226476,92263,26826,156020,92046,26817,155713,217,30448,307,62546,5838,70456,160429,399398,238339,97743,630361,160839,97452,629868,160419,291,695642,420,62686,129404,77500,173679,21770,252774,103404,31634,164443,103041,31607,163911,363,39104,532,70275,7256,88331
"경남","2분위",137229,25246,221258,85150,32574,156199,84465,32571,155127,685,32951,1072,52079,13264,65059,139816,26971,224219,90689,34532,163394,89846,34521,162168,843,35652,1226,49127,13014,60825,142930,28635,226440,93381,36662,165132,92532,36656,163927,849,37327,1205,49549,13508,61308,147468,30052,232286,95171,38867,166961,94140,38861,165478,1031,39442,1483,52297,14010,65325,152243,31307,238036,98917,40783,171546,97750,40780,169902,1167,41085,1644,53326,13730,66490,168099,678035,264928,105251,1017994,178155,103731,1017836,175979,1520,1032134,2176,62848,239445,86773,174399,37241,266351,109216,52188,180473,107835,52181,178526,1381,52770,1947,65183,12197,85878
"경남","3분위",132880,32564,222210,84915,39497,154076,83298,39505,151582,1617,39097,2494,47965,20290,68134,138884,34464,231802,91778,41907,165822,90390,41914,163788,1388,41470,2034,47106,19963,65980,140865,36229,228524,94048,43816,163533,91803,43814,160330,2245,43911,3203,46817,20987,64991,142743,38170,230814,95984,45965,165827,94156,45961,163143,1828,46209,2684,46759,22170,64987,147245,39150,234911,97090,48089,166055,95428,48087,163668,1662,48234,2387,50155,21846,68856,151930,963882,239731,100957,1161433,169621,99130,1161000,167075,1827,1176430,2546,50973,295022,70110,155099,43958,242946,102660,58791,170001,100353,58771,166880,2307,59680,3121,52439,14918,72945
"경남","4분위",134174,42307,248554,91310,47336,170490,89607,47333,167749,1703,47468,2741,42864,31595,78064,140484,44160,253489,95857,50114,174734,93914,50106,171699,1943,50493,3035,44627,31372,78755,144627,46236,252369,98982,52141,174361,96924,52138,171279,2058,52300,3082,45645,33430,78008,144976,48447,249525,97914,54561,170273,95644,54548,166896,2270,55126,3377,47062,35726,79252,147194,50625,254551,100815,57204,175282,98641,57212,172164,2174,56860,3118,46379,36325,79269,146704,1019583,246412,103923,1336501,176805,101466,1336275,173375,2457,1348661,3430,42781,458047,69607,152425,55022,251559,109087,66394,181441,105625,66387,176752,3462,66585,4689,43338,26399,70118
"경남","5분위",145769,53557,285853,94157,57199,183630,92035,57197,179875,2122,57301,3755,51612,46913,102223,149060,55969,289238,98141,60385,188370,95206,60382,183385,2935,60474,4985,50919,47457,100868,152062,58383,288707,100648,62251,186665,98174,62247,182499,2474,62428,4166,51414,50811,102042,156355,61331,293518,103591,64760,189104,100713,64736,184500,2878,65599,4604,52764,54597,104414,155805,63621,288040,101018,67369,182574,97850,67358,177609,3168,67718,4965,54787,56711,105466,161585,1265560,290127,105225,1570047,185296,101890,1569573,180256,3335,1578914,5040,56360,850234,104831,172466,66226,305185,109830,77478,189903,106260,77475,184671,3570,77566,5232,62636,46497,115282
"경남","6분위",145929,68999,326064,93896,69662,207516,89682,69659,199325,4214,69730,8191,52033,67803,118548,152257,72118,332664,99937,73476,216456,94738,73448,206569,5199,73996,9887,52320,69525,116208,155041,74997,325096,104877,75675,218131,99763,75630,208959,5114,76562,9172,50164,73580,106965,156901,78448,321907,107186,78573,218271,101883,78541,209245,5303,79190,9026,49715,78179,103636,161784,81221,328713,110024,81164,221546,104811,81122,212640,5213,82009,8906,51760,81341,107167,170172,1671195,334989,111962,1872463,220214,106528,1871091,211311,5434,1890610,8903,58210,1399783,114775,174389,85594,337081,114602,91478,220287,108393,91452,210299,6209,91927,9988,59787,74317,116794
"경남","7분위",142575,88004,358321,92131,85819,238050,84410,85787,220110,7721,86163,17940,50444,91995,120271,148392,91857,367898,98078,90625,251023,89017,90548,229704,9061,91383,21319,50314,94257,116875,154192,95179,371586,103368,93286,256602,94456,93207,236612,8912,94123,19990,50824,99029,114984,158177,99252,374227,105845,96613,257574,97316,96563,239164,8529,97192,18410,52332,104588,116653,163425,102463,379597,109407,99288,261520,100631,99214,243595,8776,100132,17925,54018,108893,118077,162813,2185081,362576,112419,2271110,258024,103053,2269087,240160,9366,2288391,17864,50394,2045358,104552,161452,108107,342717,115458,110304,260139,105895,110241,241970,9563,111000,18169,45994,102594,82578
"경남","8분위",136073,113496,383299,88683,108405,265487,75844,108234,227825,12839,109416,37662,47390,123024,117812,142103,118663,395576,94044,114841,278702,79037,114533,234893,15007,116462,43809,48059,126141,116874,147679,122600,402925,100182,117953,290246,85174,117705,247256,15008,119360,42990,47497,132401,112679,150362,127463,405178,102723,122123,293578,87739,121878,251331,14984,123562,42247,47639,138977,111600,150932,131376,402847,102412,125531,290503,87518,125209,249680,14894,127420,40823,48520,143715,112344,151182,2850860,385239,104034,2868803,284449,89387,2854734,246187,14647,2920579,38262,47148,2818720,100790,154010,136922,380347,105740,138188,279416,91061,137833,241747,14679,140389,37669,48270,134149,100931
"경남","9분위",135595,151387,431524,92457,145702,317457,68485,145259,234516,23972,146967,82941,43138,163572,114067,141126,157848,440825,97165,153477,326465,68894,152827,232656,28271,155059,93809,43961,167510,114360,143374,162674,442641,99139,157144,331170,71204,156346,239023,27935,159176,92147,44235,175068,111471,143430,168601,439284,99072,162404,328690,71363,161414,238171,27709,164952,90519,44358,182443,110594,142859,173841,431045,98306,167466,321910,71153,166448,234397,27153,170133,87513,44553,187906,109135,147464,3874729,428903,101345,3834321,323967,74184,3784371,239097,27161,3899336,84870,46119,3963517,104936,150485,184662,429121,104435,182915,325966,77121,181763,241890,27314,186169,84076,46050,188623,103155
"경남","10분위",118734,251544,405905,81734,250143,302431,71269,258441,268291,10465,193631,34140,37000,254638,103474,124480,274274,416278,86191,279630,311592,72581,285833,267008,13610,246552,44584,38289,262218,104686,127671,267069,422315,88516,264292,316366,74154,275398,270558,14362,206947,45808,39155,273346,105949,127538,277528,412848,87915,275475,307226,72793,288211,259680,15122,214165,47546,39623,282085,105622,125441,284858,398670,86369,283417,295577,69971,297703,244674,16398,222456,50903,39072,288044,103093,124934,6541153,383764,85656,6344302,283943,68724,6954677,232569,16932,5000568,51374,39278,6975590,99821,125399,317497,378268,87109,313574,283249,70781,329806,234939,16328,243211,48310,38290,326422,95019
